"","baseMean","log2FoldChange","lfcSE","stat","pvalue","padj"
"FBgn0039155",730.595806139728,4.61901353518888,0.168706755507888,27.378948289791,4.88534664335087e-165,4.06607401126093e-161
"FBgn0025111",1501.41051323996,-2.89986418282949,0.126920467572376,-22.8478844925138,1.53390442067424e-115,6.38334324663586e-112
"FBgn0029167",3706.11653071978,2.19700028710342,0.0969888688845468,22.6520869082273,1.33057616334516e-113,3.69146180250727e-110
"FBgn0003360",4343.03539692487,3.17967242210066,0.14352622636729,22.1539470700201,9.55682434256765e-109,1.98853622507976e-105
"FBgn0035085",638.232608936723,2.5604120517585,0.137295199511535,18.6489553958758,1.28768627885857e-77,2.14348257978798e-74
"FBgn0039827",261.916235943103,4.16251610025893,0.232588756817121,17.8964630845498,1.25652936727332e-71,1.7430156539693e-68
"FBgn0034736",225.876362546023,3.51143881355259,0.214672094349895,16.3572206447536,3.86363319814809e-60,4.59385987259807e-57
"FBgn0029896",489.892369695729,2.4450242584695,0.15194278676206,16.0917428893704,2.91514019454135e-58,3.03283897989595e-55
"FBgn0000071",342.2384071951,-2.67958365080559,0.182611754741003,-14.6736646532203,9.50687347386699e-49,8.79174532477722e-46
"FBgn0051092",153.065603475219,-2.32771099635214,0.176746353429733,-13.1697822963999,1.3097479021879e-39,1.09010317899099e-36
"FBgn0034434",114.625559330683,3.64256808291946,0.278285469752708,13.0893218613115,3.78976207925376e-39,2.86747179869355e-36
"FBgn0040091",1106.52964640409,1.5753982691116,0.120941900788287,13.0260749900846,8.69675744647614e-39,6.03192601891841e-36
"FBgn0027279",2954.97371231197,1.19211896034179,0.0936071015064399,12.7353474379268,3.76167802092757e-37,2.40834201293693e-34
"FBgn0038832",301.922359913768,2.54114883929344,0.202516257360159,12.547875772631,4.08317131245768e-36,2.42744534525609e-33
"FBgn0034897",892.504226935569,1.92150230340884,0.15892587025064,12.0905570652434,1.18480632187433e-33,6.57409534464005e-31
"FBgn0039419",1564.3067965081,1.16046466862752,0.0963584108366509,12.0432109511931,2.10595890667871e-33,1.09549349876793e-30
"FBgn0003501",277.455454354175,-2.15355227337966,0.180607011711728,-11.923968250009,8.87770503496336e-33,4.34641994152942e-30
"FBgn0035189",215.649109473704,-2.97495829118545,0.253548137655605,-11.7333076026231,8.60299209864261e-32,3.97792795761125e-29
"FBgn0033764",65.204000810515,-3.41145541609504,0.294643866691523,-11.5782332563082,5.31297330001593e-31,2.32736193558066e-28
"FBgn0040827",215.987277141888,1.98994857949794,0.176483542670954,11.2755475631408,1.73297048322602e-29,7.21175666594508e-27
"FBgn0032405",79.6140619600449,-2.67261797305886,0.239772148310035,-11.1464904989843,7.44865613806299e-29,2.9521507160523e-26
"FBgn0052407",187.056692286253,2.20300575006706,0.198261635672941,11.1116088727383,1.10156676355229e-28,4.1674273513844e-26
"FBgn0033913",5213.06530296395,1.16143520591205,0.105040662632026,11.0570057043599,2.02753518851695e-28,7.33703277131591e-26
"FBgn0023479",3091.86000673672,1.52546339252837,0.139198207572191,10.9589298535847,6.02070839611344e-28,2.08793149920217e-25
"FBgn0026562",43909.3483914385,2.36251006628666,0.226919178106162,10.4112401869417,2.20332354596433e-25,7.33530474922443e-23
"FBgn0034010",547.24959552593,1.45179598130041,0.139774423679264,10.3867069746022,2.85024399886508e-25,9.12406953944388e-23
"FBgn0001224",598.924195179851,-1.48574818032973,0.143621307859608,-10.3449007843743,4.41373234361973e-25,1.36057386281285e-22
"FBgn0063649",646.206703234271,1.30942413795174,0.128284801956868,10.2071649796209,1.84167299362879e-24,5.47437297356158e-22
"FBgn0037754",269.759434828675,2.34206513808964,0.234039359426082,10.0071421483673,1.41789279807981e-23,4.06935233048906e-21
"FBgn0003748",1095.96898175689,-1.0730967483478,0.107628469850324,-9.97038004758525,2.05441203027431e-23,5.69962377599102e-21
"FBgn0085359",68.610037631773,4.91812711874997,0.495981365546669,9.91595140541061,3.54859293935616e-23,9.5273996884714e-21
"FBgn0261552",5128.82302485314,1.89626306846386,0.191314189311598,9.91177431892086,3.70015756075599e-23,9.62387855567877e-21
"FBgn0039109",475.414402545912,1.30361106436148,0.131802399408789,9.89064744047867,4.57062238695903e-23,1.15276636747455e-20
"FBgn0024288",58.8511039030606,4.58583598500949,0.465011654181553,9.86176570796021,6.09676691634024e-23,1.49245267778529e-20
"FBgn0024315",92.0861494119137,2.28680426949828,0.23277072261872,9.82427791507127,8.85060221971285e-23,2.10467320784772e-20
"FBgn0016715",150.876047301718,1.97377846743936,0.203825678535825,9.68365949579037,3.53819449498017e-22,8.18010910603332e-20
"FBgn0050147",973.928360811672,0.951910712981763,0.0998103154462599,9.53719772075355,1.46743885302795e-21,3.30094420912207e-19
"FBgn0040099",910.115655435202,1.78131590144161,0.190311169331033,9.36001763692141,7.97233832677304e-21,1.74615189194032e-18
"FBgn0003137",4518.86099683279,-0.91838289761893,0.0991722984732059,-9.26047809476814,2.0351885968175e-20,4.34330120290052e-18
"FBgn0001226",1323.88502751031,-1.71861747432512,0.186315211953302,-9.22424667480112,2.85561069737836e-20,5.94181195857002e-18
"FBgn0037290",67.0979552373649,-3.0102733027925,0.33002435112799,-9.12136723397438,7.41824695752908e-20,1.5059041323784e-17
"FBgn0001225",420.296785851059,-1.34740634570289,0.151024427653846,-8.92177753383841,4.58863235277325e-19,9.093139779079e-17
"FBgn0034751",16641.1463539108,1.06148837739803,0.119127367525563,8.91053331779744,5.07876643130908e-19,9.83036581576406e-17
"FBgn0260011",89.2769721375591,-2.38811376903619,0.269977009251213,-8.8456190238557,9.10223039428272e-19,1.72176962662762e-16
"FBgn0039257",521.9273090084,1.05270341604824,0.120273683937008,8.752566493262,2.08554564920157e-18,3.85733254184548e-16
"FBgn0037153",103.138008401758,-1.84115983838778,0.21202971073243,-8.68349927011514,3.83775390734863e-18,6.94383168931796e-16
"FBgn0040271",1010.0394401539,-0.91671115720798,0.106709501237787,-8.59071728922454,8.64280543970565e-18,1.53051212073766e-15
"FBgn0037239",747.673982647397,0.875522805635767,0.10249250411845,8.54231061252961,1.31564213694674e-17,2.28126864704328e-15
"FBgn0036968",736.417217926066,0.975701193538311,0.115460163043804,8.45054404754432,2.89948496770365e-17,4.92498232371377e-15
"FBgn0261362",5796.36332524863,-1.51956676721561,0.181090900321987,-8.39118235379998,4.81277150202276e-17,8.01133944226709e-15
"FBgn0038149",993.470196777235,-1.0498463495363,0.125439981730145,-8.36931204115451,5.79555917422032e-17,9.4581252954972e-15
"FBgn0051642",110.537870170146,-2.01505175843332,0.241004281074198,-8.36106209172671,6.21561203915792e-17,9.94856519267526e-15
"FBgn0031449",920.63439812227,0.853181650987451,0.10243283616095,8.32918117825881,8.1403406869302e-17,1.27834067051547e-14
"FBgn0033095",1489.11266835328,-0.764441398659187,0.0921834052845107,-8.29261401550365,1.10786389848577e-16,1.70754652353649e-14
"FBgn0051195",924.936169233483,-0.801024891623363,0.0969663350057918,-8.26085560081772,1.44631966949206e-16,2.18867611076043e-14
"FBgn0063498",343.876460247736,1.37084774952018,0.166174276671221,8.24945820123787,1.59114248555e-16,2.36483551914869e-14
"FBgn0030237",2009.26220112743,0.944066674949382,0.114842076485912,8.22056430741385,2.02547842419275e-16,2.95755384641338e-14
"FBgn0030041",86.8729127322921,2.84372968402503,0.346280979769595,8.21220295124833,2.17166804197101e-16,3.1163436402284e-14
"FBgn0035968",295.080008715197,-1.10726944215203,0.13702351355004,-8.08087176765948,6.43054020520451e-16,9.07142137761307e-14
"FBgn0261284",51.0130239523776,-2.3106930982962,0.291872215036241,-7.91679707508057,2.43707009084844e-15,3.38062239435526e-13
"FBgn0038198",62.2913022634452,-2.39410775632473,0.304394285862926,-7.86515341290881,3.68645387556266e-15,5.02989436168984e-13
"FBgn0036985",1932.81686662789,1.3482804265038,0.171952031082074,7.84102646545804,4.46878234222844e-15,5.99897990876891e-13
"FBgn0039479",175.678112416903,-1.54929789014353,0.198318108099261,-7.81218571008189,5.62046634198876e-15,7.42526053402737e-13
"FBgn0001137",494.057862333951,1.25440704856955,0.161453008637019,7.7694869805104,7.88046422212796e-15,1.02482974563705e-12
"FBgn0002527",37820.8447269353,0.747863941631567,0.0963909341240308,7.75865436337877,8.58352255071208e-15,1.09908704907041e-12
"FBgn0034638",1664.00941883663,0.912090384897744,0.118129942753225,7.72107700757215,1.15350832550602e-14,1.45464390805858e-12
"FBgn0001258",1520.17422079885,-0.938352182205708,0.122039853556282,-7.68889960829854,1.48405850115738e-14,1.8435550604676e-12
"FBgn0032598",315.321279016528,-1.08702283727589,0.141551813698777,-7.67932821821046,1.59925007947861e-14,1.95743506051478e-12
"FBgn0034438",74.5940245247824,-1.90045649230712,0.247645504987813,-7.67410049457852,1.66583447127021e-14,2.00938265280898e-12
"FBgn0038528",152.602204393006,-1.39541633274615,0.182416283251776,-7.64962594276827,2.01564777165373e-14,2.39660520049628e-12
"FBgn0036684",908.268719002069,0.87965873106031,0.115362847695576,7.62514751180198,2.43755487778147e-14,2.85743228841904e-12
"FBgn0024984",120.722809158927,-1.48283583482373,0.19492981049027,-7.60702445200264,2.80478263412594e-14,3.24225081442086e-12
"FBgn0031912",1318.33887038031,1.07464158605761,0.141497692716629,7.59476402353598,3.08353833666695e-14,3.51565610631219e-12
"FBgn0261560",1755.86868173783,0.887317624302742,0.116942362567424,7.58764920446303,3.25761403565217e-14,3.66393535388284e-12
"FBgn0050463",42.093388347849,-2.61791010486855,0.346472752781529,-7.55589027954326,4.16004427505205e-14,4.61653980016776e-12
"FBgn0034389",110.751462135446,1.92177212927924,0.257035156534318,7.47668978512929,7.62180432767628e-14,8.34687860779601e-12
"FBgn0002868",100.134853725014,2.13187604134381,0.286475987800541,7.44172681875219,9.93775696788269e-14,1.07418118498296e-11
"FBgn0086910",87.0667848162797,-1.8072846599185,0.24331713580864,-7.42769165809951,1.1050919427058e-13,1.17918977424876e-11
"FBgn0032004",961.594774571443,1.18566606201365,0.160783334462091,7.3743094455676,1.65199076311896e-13,1.74044545841001e-11
"FBgn0011260",211.128216078428,-2.04874772561654,0.279091467469993,-7.34077520960692,2.12360220663632e-13,2.20934264572926e-11
"FBgn0035765",556.565924409498,-0.990068285637174,0.135039962131822,-7.33166886310808,2.27304177098009e-13,2.33562057529226e-11
"FBgn0031322",396.81370023956,1.41153423739548,0.192777044705342,7.32210746125404,2.44106543232608e-13,2.47768141381097e-11
"FBgn0034405",2290.49513443639,-0.65647660038472,0.0897587611247701,-7.31378856123223,2.59713703222364e-13,2.60433391797558e-11
"FBgn0000406",265.508207219706,2.03319459859706,0.279509713228546,7.27414648711897,3.48617530847296e-13,3.45421870147863e-11
"FBgn0027515",446.29995365465,-0.900753549997431,0.124013571170699,-7.26334659581401,3.77628661972628e-13,3.69765100423315e-11
"FBgn0031150",795.373694523486,-1.18121696486202,0.16287200463061,-7.2524247954152,4.09375560557305e-13,3.9618985936261e-11
"FBgn0000567",261.177919822776,1.22641843267311,0.169246414656134,7.24634808462493,4.28158909165985e-13,4.09605356435459e-11
"FBgn0034885",160.521967260824,-1.63327053574851,0.226566429762917,-7.20879318907743,5.64499191438939e-13,5.33900769357533e-11
"FBgn0033065",29.9474261954372,-3.02197453654244,0.419782105387378,-7.19891223984819,6.06947981775483e-13,5.67598657563747e-11
"FBgn0051431",2283.72217226644,0.732615752070509,0.101911967645525,7.18871167926744,6.54055245335881e-13,6.04855756325615e-11
"FBgn0037646",39.6194029275577,2.8072428581138,0.391136993081863,7.17713462997926,7.11875803841311e-13,6.51092562128706e-11
"FBgn0030037",713.788951310912,-0.72761441988517,0.101689405896652,-7.1552627677327,8.35127960303094e-13,7.55518479739419e-11
"FBgn0023549",216.541760282419,1.57171027103509,0.220578773043475,7.12539220954553,1.03784725885663e-12,9.2881749843696e-11
"FBgn0003502",1202.90340589069,-0.729433757455802,0.103631464691246,-7.03872862965935,1.94001777212328e-12,1.7177412678066e-10
"FBgn0039113",474.333402699434,-0.948034979123891,0.135177419751446,-7.01326435189445,2.32820949292879e-12,2.03975659048909e-10
"FBgn0053307",1013.60990880891,1.45264319067328,0.207637378125921,6.99605824242459,2.63264131727609e-12,2.28244517538426e-10
"FBgn0003076",1498.63736847875,-0.712412497328946,0.101861851661875,-6.9939087666869,2.67331437273629e-12,2.29381397157569e-10
"FBgn0035344",77.3906854234971,1.64720763040052,0.23581011599191,6.98531368542746,2.8422021761324e-12,2.41384170530102e-10
"FBgn0031327",756.376001806102,-1.22581683578718,0.175886859591928,-6.96934858369279,3.18411863239089e-12,2.67691104822115e-10
"FBgn0063492",587.735380417937,-0.796082756433709,0.115255798160861,-6.9070950801332,4.94678407279435e-12,4.11720838378673e-10
"FBgn0038805",749.301501358822,-0.753797463446347,0.109291925021782,-6.89710116548972,5.30743876561174e-12,4.37364483625609e-10
"FBgn0033426",352.952359113148,0.98433824078396,0.14343695691587,6.86251480754226,6.76587227678767e-12,5.52081911369645e-10
"FBgn0039640",72.0247462362931,1.7988524701851,0.262377316491324,6.85597556313363,7.08274848210916e-12,5.72327336083442e-10
"FBgn0000116",658.392246950606,-1.29078588445838,0.1899375429587,-6.79584385662525,1.07680355231462e-11,8.61753458261021e-10
"FBgn0033367",15324.7662695322,-1.4548250778664,0.214808452031827,-6.77266217462823,1.26433949821717e-11,1.00219977558681e-09
"FBgn0031703",90.8211171043253,1.84589484439314,0.27277997965092,6.76697331950591,1.31504315208886e-11,1.0325569957392e-09
"FBgn0051363",7162.51092793587,-0.91831467958011,0.13577285503302,-6.76361029129699,1.34594824477629e-11,1.04694647114702e-09
"FBgn0033775",46.8800238170876,-1.93462219748467,0.287766482607964,-6.72288926754642,1.78155977224188e-11,1.37295573929344e-09
"FBgn0038865",282.797843257863,1.03742693673399,0.154535917956913,6.71317678407447,1.90432161869287e-11,1.45409805801658e-09
"FBgn0052625",155.798966266562,-1.60333793598259,0.240416748613365,-6.66899434099353,2.57562183434038e-11,1.94880913883772e-09
"FBgn0033724",152.832426365126,-1.42422766091854,0.214606182685936,-6.63647078147237,3.21282587072079e-11,2.40904051549632e-09
"FBgn0035727",65.2382080197701,-1.58874208214158,0.239593208974061,-6.63099796920198,3.33424823365449e-11,2.47776321863450e-09
"FBgn0029801",1492.2907154224,0.810052001639886,0.122757803122409,6.59878216321726,4.14548890989493e-11,3.05335435372173e-09
"FBgn0052412",1088.29296393936,0.664155388197873,0.100720190360669,6.59406406818336,4.27946887360875e-11,3.12438766974084e-09
"FBgn0035147",19322.7427980903,1.10389880686378,0.167464178727245,6.59185036019998,4.34378303571898e-11,3.14376575706861e-09
"FBgn0015568",210.36568254021,-1.06657571525062,0.162174181087314,-6.57672946519382,4.80908605730415e-11,3.45051924611573e-09
"FBgn0035761",584.24372961436,-0.739237993597694,0.112577482161077,-6.56648185238309,5.1517922725177e-11,3.66481769950127e-09
"FBgn0015371",376.597146043775,0.994378709800142,0.151461809208711,6.56521082770054,5.19592942272394e-11,3.66489157502808e-09
"FBgn0020248",35.6257697080042,-2.12281216897425,0.324995351548601,-6.53182317488256,6.49738404462018e-11,4.54434684061964e-09
"FBgn0031374",1994.69207554557,0.815916868753321,0.125531914838053,6.49967675396271,8.04927778294398e-11,5.58284491562023e-09
"FBgn0004893",479.324073607467,0.818733201564673,0.126010708983929,6.49733033141723,8.17578151734973e-11,5.62372145197536e-09
"FBgn0040388",1478.46090025325,1.03443600434039,0.159285397272759,6.4942299925274,8.34591658506164e-11,5.69369374897279e-09
"FBgn0259715",804.645238761246,1.7844970719713,0.275675084107134,6.47318954395533,9.59554567345901e-11,6.49298590570726e-09
"FBgn0053516",706.246416594254,0.779684388853805,0.120740280666593,6.45753334801988,1.06423305979136e-10,7.14323528761575e-09
"FBgn0029002",1587.72811315595,-1.43767434407019,0.223522364188925,-6.43190380205104,1.26015489500435e-10,8.39061535289694e-09
"FBgn0038351",97.3791361116169,1.63290422910302,0.254327709451817,6.42047314711643,1.35851433893648e-10,8.97374193886378e-09
"FBgn0037635",167.521439147164,1.08195280006921,0.168737827211064,6.41203468097202,1.43590159864772e-10,9.41024331145275e-09
"FBgn0027949",1448.17954774461,-0.646067407622023,0.10097948094522,-6.39800681855854,1.57418259794352e-10,1.01565284982046e-08
"FBgn0039464",820.529102252368,-1.12612347438218,0.17598161749695,-6.39909719207857,1.56298333474821e-10,1.01565284982046e-08
"FBgn0261238",912.604214590372,-0.779986674816321,0.122300450395052,-6.37762716569583,1.7985269884268e-10,1.15147231728279e-08
"FBgn0038476",1367.42334401925,-0.675456835244545,0.106073562325411,-6.3678151316573,1.91739819976563e-10,1.21820650508774e-08
"FBgn0030598",37.9496164253343,-2.08734470047947,0.32820511591784,-6.35987862237344,2.01913237067835e-10,1.27312414554211e-08
"FBgn0032029",339.990503738381,0.936012303935109,0.148634525634869,6.29740835742626,3.0266318556303e-10,1.89403435597075e-08
"FBgn0004369",833.206490963162,0.787234723992613,0.12503416735155,6.29615680791634,3.05115724899437e-10,1.89513296890897e-08
"FBgn0010591",1635.86351148071,0.659276304801801,0.104777967101854,6.29212727672909,3.13144553374833e-10,1.93059416128795e-08
"FBgn0036299",655.122274652677,-0.939687766353335,0.149761285150089,-6.27457066365043,3.50600376505894e-10,2.14562274533717e-08
"FBgn0020257",1080.02578479001,0.679686559626859,0.10851192651284,6.26370373717797,3.75939414938077e-10,2.28390054783184e-08
"FBgn0030805",340.911562563948,-1.07572922247927,0.172495505470983,-6.23627392228045,4.48116150494277e-10,2.70265994243758e-08
"FBgn0039593",42.4946506743156,-1.93786072175105,0.313148536002421,-6.18831161240384,6.08120255742736e-10,3.6412840924797e-08
"FBgn0028433",92.7261508365271,1.34826613066582,0.219761356618267,6.13513745734563,8.50855924091621e-10,5.05833846872469e-08
"FBgn0037872",397.026724855338,0.8343977359439,0.1363651496282,6.11884882771651,9.42537661807483e-10,5.54169294467817e-08
"FBgn0050069",1553.51023495601,0.869503822855882,0.142114042995522,6.11835258872539,9.45476869090833e-10,5.54169294467817e-08
"FBgn0034391",65.1265053789664,-1.5607812143745,0.256592341046585,-6.08272720849115,1.18155282912933e-09,6.87696796982059e-08
"FBgn0027091",1185.73017284578,0.659454147236559,0.108436877242525,6.08145645656737,1.19095711160023e-09,6.88356669433936e-08
"FBgn0031689",274.174367875674,-0.957155324020011,0.15799868075793,-6.05799567077694,1.37828104816276e-09,7.91133321645425e-08
"FBgn0039809",582.995876037301,0.87738719262938,0.145404049775114,6.03413174520499,1.59819640572064e-09,9.11081416768006e-08
"FBgn0052135",240.708327074597,-1.30884473018943,0.21762048511955,-6.0143452463605,1.80615213313076e-09,1.02262613632975e-07
"FBgn0032638",131.937964525685,1.43597413918559,0.238880157857843,6.01127423919457,1.8407071716356e-09,1.03514903983264e-07
"FBgn0035403",496.336141885826,0.953075918501514,0.158934728767593,5.99664985677974,2.01429727807839e-09,1.12516753325144e-07
"FBgn0051038",713.149257958899,0.945133254840075,0.157780414637111,5.99018108181452,2.09607522631312e-09,1.16304227390694e-07
"FBgn0001124",1265.56387631098,-0.680479968259071,0.114008071862912,-5.96869990992663,2.39151502287015e-09,1.31818407518862e-07
"FBgn0039098",308.493104091368,1.01993943000428,0.170946228641433,5.96643422969949,2.42494418229774e-09,1.32781647560948e-07
"FBgn0015541",1766.70855415515,-0.531187267613839,0.089310383216181,-5.94765410789996,2.72012631494995e-09,1.47971315812604e-07
"FBgn0038341",427.750828653903,-0.891765453515722,0.150024732957064,-5.9441229185253,2.7794098714736e-09,1.50214469871914e-07
"FBgn0003447",36.3045953546084,-1.98163027349014,0.334557874540341,-5.92313146481087,3.1586812604339e-09,1.69610994390912e-07
"FBgn0031548",53.6658415712637,1.93135172782664,0.326183188589584,5.92106459004772,3.19864193025211e-09,1.70655748624925e-07
"FBgn0035266",383.491045433592,-1.07519800214998,0.182335577978098,-5.89680858816884,3.70599341713412e-09,1.96464861215333e-07
"FBgn0038381",158.233296490354,1.12162601992128,0.190402152166187,5.89082637544087,3.84269127267079e-09,2.02422275078728e-07
"FBgn0030529",8881.14504394016,0.563575883873513,0.0958866898271638,5.87751944393284,4.16459811598787e-09,2.17999686285327e-07
"FBgn0039886",899.370149099067,0.632677428156228,0.107752744129693,5.87156673610766,4.31695747191523e-09,2.2456273149219e-07
"FBgn0037683",1434.35534989018,0.850032955693162,0.144877504537102,5.86725287965927,4.43074659593621e-09,2.29050334894268e-07
"FBgn0028327",3772.36086785868,-0.607345772060705,0.104298140416565,-5.82316970978559,5.77418673014914e-09,2.96657754043403e-07
"FBgn0031117",326.528362744363,-1.02257378931586,0.176122453200656,-5.80603875731192,6.39681605397833e-09,3.26630061455593e-07
"FBgn0031547",265.290557954539,1.38847260577487,0.239240081608935,5.80367886700726,6.48754752658083e-09,3.29243036973977e-07
"FBgn0005640",1577.77681384373,-0.667334257275422,0.115309956097271,-5.78730822438685,7.15232693838226e-09,3.60780709746397e-07
"FBgn0037223",24.9888948742115,2.62658747346332,0.455048568721712,5.77210358191375,7.82879636119981e-09,3.907331121683e-07
"FBgn0040398",4196.28242500357,0.796049760688956,0.13791904705566,5.77186239089726,7.84001318420115e-09,3.907331121683e-07
"FBgn0036007",1262.74646163205,-0.792453170612099,0.137334080563715,-5.77025868130704,7.91499364298789e-09,3.92121976729692e-07
"FBgn0028514",599.051934071321,1.05130408222833,0.182360661631464,5.76497185754311,8.16714682177416e-09,4.02219899394239e-07
"FBgn0035150",2606.02901506028,-0.564953876471777,0.0980498257606599,-5.76190597065243,8.31693316979638e-09,4.07187263365972e-07
"FBgn0034718",496.037113524655,-1.39056599159809,0.241677161784347,-5.75381629497499,8.72509689667584e-09,4.24672406263351e-07
"FBgn0030452",945.476353913299,0.703715684734828,0.122492034265729,5.7449914106922,9.1925652528982e-09,4.42252720230473e-07
"FBgn0038293",3300.82562593858,-0.612469352790346,0.10659784303314,-5.74560737218612,9.15916138781307e-09,4.42252720230473e-07
"FBgn0037680",416.834628202428,-0.769987015956382,0.134386414267181,-5.72964923690521,1.0063851646176e-08,4.81387570408753e-07
"FBgn0033782",162.228946911747,1.37146728972114,0.239789352164561,5.71946701278022,1.06858716983029e-08,5.08220057971284e-07
"FBgn0010223",65.4057051830563,1.43811518409209,0.252716670434112,5.69062255221124,1.26577026991093e-08,5.98579883890263e-07
"FBgn0036821",416.318375721468,1.74110003958636,0.306550300508676,5.67965530191051,1.34966456647737e-08,6.34647355185941e-07
"FBgn0052681",160.548780962032,0.998905297542863,0.176555984426615,5.6577255128843,1.53392195700677e-08,7.1723777798693e-07
"FBgn0003074",2163.30369517341,-0.64150347629839,0.113710676381802,-5.64154129331213,1.68534608137607e-08,7.83638851133688e-07
"FBgn0020240",2424.82761269145,-0.638422475120521,0.113216077612195,-5.63897362093166,1.71066737189521e-08,7.90993585349101e-07
"FBgn0030349",1852.88931531509,0.586770811451601,0.104394280333802,5.62071800845214,1.90165453223054e-08,8.74445893467113e-07
"FBgn0004507",1829.85370947088,-0.913686259589624,0.163147190795547,-5.60037997059133,2.13882461903701e-08,9.78100950782695e-07
"FBgn0032036",7558.94439960382,0.560429752267516,0.100621326776966,5.56969153775666,2.55190716944438e-08,1.15432192235248e-06
"FBgn0036896",643.752497468408,0.860143217216432,0.154420788046688,5.57012581075792,2.54555455532851e-08,1.15432192235248e-06
"FBgn0004396",2423.42112765343,-1.07851237261626,0.194195320134966,-5.55375058403413,2.79604360264547e-08,1.25791734620639e-06
"FBgn0031516",871.056180824024,-0.725970990524235,0.131167905571555,-5.53466937937958,3.1181597309666e-08,1.39529265810941e-06
"FBgn0259224",251.944680542466,-1.13416913196035,0.205745102355313,-5.51249638011644,3.53779469565498e-08,1.57460241988965e-06
"FBgn0032635",610.767742344328,-0.600819256323578,0.109101879883806,-5.50695603928597,3.65091382502383e-08,1.61630615774858e-06
"FBgn0035811",1035.69733791406,-0.881711723519485,0.160650266286923,-5.48839254299608,4.0560789696284e-08,1.78617699810673e-06
"FBgn0261015",434.540945708286,1.14333083240791,0.208376311044986,5.48685609546604,4.09150174103767e-08,1.79229310477139e-06
"FBgn0027597",419.23880999328,-0.648399790641629,0.119063948934174,-5.44581123376065,5.1569804565553e-08,2.24720148376491e-06
"FBgn0037739",357.48198553562,-0.763765169445548,0.140320691111567,-5.44299748950274,5.23913856032567e-08,2.27111199154117e-06
"FBgn0043364",1194.99433999215,1.20991552162793,0.222961603604221,5.42656449392808,5.74490727656586e-08,2.47745405507035e-06
"FBgn0052521",2732.84091761804,0.928578879521737,0.171395959754924,5.41774077317513,6.03568396090562e-08,2.58943286632049e-06
"FBgn0013576",2533.72180115197,0.484992918001541,0.0897197463450256,5.40564299119232,6.45763086837809e-08,2.75624931884671e-06
"FBgn0027348",172.976365334677,1.1842855869036,0.219383881933695,5.39823425707055,6.72999584241763e-08,2.85784466308377e-06
"FBgn0011274",777.072886538848,0.756747482063096,0.140358955499685,5.39151548520032,6.98659372385923e-08,2.93725572284862e-06
"FBgn0026376",1400.3091590007,1.00628198055324,0.18664264933606,5.39149001652549,6.98758420189867e-08,2.93725572284862e-06
"FBgn0044047",273.953039732563,0.896223314797603,0.16663921748224,5.37822565623317,7.52234975167326e-08,3.14615663232043e-06
"FBgn0033635",2490.06131835105,-1.2053930324064,0.224594204188552,-5.36698191639196,8.00650807090615e-08,3.3319083337076e-06
"FBgn0034400",5939.59527855918,0.54204993048992,0.101024418153459,5.36553380259543,8.07101624800149e-08,3.34204319562768e-06
"FBgn0028563",1054.61672571693,0.609066482960053,0.113578882645045,5.36249757680306,8.20790699326311e-08,3.37127606584073e-06
"FBgn0038436",622.846709757112,-0.675334777016392,0.125944210051481,-5.36217406691696,8.22262455083105e-08,3.37127606584073e-06
"FBgn0031805",3108.92136889079,0.855633104770293,0.159930031978955,5.3500464808441,8.7931644640138e-08,3.58752489382289e-06
"FBgn0025678",10270.1392986356,-0.547766342806277,0.102491627251334,-5.34449844827832,9.06677528827776e-08,3.66810813426683e-06
"FBgn0031258",107.570874265497,1.32180461444468,0.247331739982809,5.34425793687681,9.07882104600464e-08,3.66810813426683e-06
"FBgn0027580",1310.06341505753,0.844958618838761,0.158256249160354,5.33918011656273,9.33678503285189e-08,3.75410926707373e-06
"FBgn0026585",2021.90872156419,-0.53399682720259,0.100106720587083,-5.33427550189366,9.59267860168213e-08,3.83845500008656e-06
"FBgn0003317",1351.15641536419,-0.538410749989542,0.101398581338646,-5.30984499863351,1.09718506470881e-07,4.36931640840738e-06
"FBgn0031359",553.951611605946,0.855238609846987,0.161256620149308,5.30358759259074,1.13548680825017e-07,4.50031271669817e-06
"FBgn0010470",4778.27905142065,-0.502563736358569,0.0948425773270766,-5.29892534051889,1.16486249620509e-07,4.59485808337203e-06
"FBgn0035232",1724.90443352683,0.535497551244197,0.101406240383957,5.28071595216062,1.28680054483141e-07,5.05190610124141e-06
"FBgn0038877",983.32738391576,0.700245965963726,0.132655995777265,5.27866050728283,1.30131648601939e-07,5.08490944278845e-06
"FBgn0034067",141.711753118672,-1.0225792303994,0.194271509783974,-5.26366028418931,1.41215280575098e-07,5.49221859918945e-06
"FBgn0010225",12820.9306661221,0.489503622531759,0.0934135522557462,5.24017779766692,1.60421957265102e-07,6.21019511775556e-06
"FBgn0043841",14718.0845153021,0.640418980824194,0.122677540158258,5.22034416404203,1.7859092997344e-07,6.88153847300434e-06
"FBgn0250904",30.258560257514,-1.88231309527067,0.36149751536132,-5.20698764247184,1.91930869556873e-07,7.361477545262e-06
"FBgn0004108",660.396760300009,-0.841612155030572,0.161831159312712,-5.20055691749877,1.98692259293279e-07,7.58585171604567e-06
"FBgn0040290",711.511402332931,0.55977337931341,0.107835821612423,5.19097801587042,2.09192327343627e-07,7.91412609309548e-06
"FBgn0051337",891.416092886071,0.904958021194197,0.17430613597084,5.19177374998199,2.0830003554249e-07,7.91412609309548e-06
"FBgn0039714",2309.89452329995,0.613380670184826,0.118344742330573,5.18299890730648,2.18346318439662e-07,8.22306067137242e-06
"FBgn0051523",4596.16609844027,0.821907098321614,0.158617390143436,5.18169601440531,2.19877355820569e-07,8.24341996619188e-06
"FBgn0033495",66.4295350401534,2.02471670615797,0.390921959716115,5.1793373481201,2.22675468027815e-07,8.31088753540585e-06
"FBgn0037468",3146.70077127865,-0.896382104575923,0.173134034443342,-5.17738818631447,2.25013716783976e-07,8.36066591425461e-06
"FBgn0027596",753.529266674786,0.835061209793054,0.161526461831996,5.16981057049093,2.34331401725863e-07,8.66817891806382e-06
"FBgn0039000",478.024688905653,0.629311092837281,0.122064512348862,5.15556143819016,2.52872111492522e-07,9.31263090244364e-06
"FBgn0085402",5318.52203576905,0.583071922121363,0.113276648306777,5.14732675124959,2.64224845248795e-07,9.68785633042166e-06
"FBgn0032775",3131.5119121003,0.761817209382858,0.148282278615108,5.13761466641799,2.78247688770149e-07,1.01572610247103e-05
"FBgn0001332",1154.74632593001,0.512990889682112,0.0998779298439273,5.13617863810082,2.80381157077246e-07,1.01904470321132e-05
"FBgn0260933",747.841707706492,-0.614101864137019,0.119825781687047,-5.12495604444199,2.9760716800074e-07,1.07694976490007e-05
"FBgn0038237",20.7726859291834,2.8737848433695,0.561169783109725,5.1210612721241,3.03820899044766e-07,1.0899574753231e-05
"FBgn0039637",3037.39941677664,0.509113411997227,0.0994072043043045,5.12149411665107,3.03124198701914e-07,1.0899574753231e-05
"FBgn0039485",58.5694895403254,-1.32547273347695,0.259057571227848,-5.1165180279991,3.11227550643104e-07,1.11173686867063e-05
"FBgn0013811",352.215737290154,0.870214452105158,0.170515347043433,5.10343770923739,3.33538331889217e-07,1.18634168218545e-05
"FBgn0036663",7680.95811958356,0.663135114726565,0.129990033601686,5.10143044318719,3.37095910967262e-07,1.19389330509809e-05
"FBgn0005660",145.958617557085,-1.04934021180748,0.205843963917922,-5.09774584512905,3.43721870357655e-07,1.21220217245202e-05
"FBgn0003525",1371.18050801775,0.689084757395891,0.135603435037724,5.08161727027191,3.74234859941441e-07,1.31424334991249e-05
"FBgn0086906",1128.12039949449,-0.76697012006029,0.151005255730296,-5.07909553446365,3.79235983849325e-07,1.32621054352014e-05
"FBgn0261278",999.205149063771,-0.50094458593046,0.0986817982588078,-5.07636255894585,3.8472885848357e-07,1.33979007914592e-05
"FBgn0034354",372.61173442524,-0.954655538402058,0.188660419186548,-5.06017924967128,4.18862519613801e-07,1.44818573741242e-05
"FBgn0040752",4855.18467380839,0.821850116860393,0.162422122151849,5.05996415988237,4.19335291020538e-07,1.44818573741242e-05
"FBgn0013272",14026.4073250624,0.490908071384117,0.0972153589510655,5.04969663930594,4.42512222069027e-07,1.52191290259525e-05
"FBgn0032820",332.441304197165,-0.616875228261578,0.122424196571232,-5.03883419731208,4.68376007015393e-07,1.60423601085972e-05
"FBgn0000043",31162.0800981548,-0.619578732154944,0.123317574098475,-5.02425332872817,5.05394906436206e-07,1.7239351665035e-05
"FBgn0030326",140.617019155969,1.23967178705613,0.246930684599728,5.02032296660753,5.15846738100965e-07,1.75240506172013e-05
"FBgn0035937",902.533123624161,-0.54084235563716,0.108574101437074,-4.98132011666349,6.31519714498733e-07,2.13664170072071e-05
"FBgn0250867",435.976602780338,-0.844070624018545,0.169936812779982,-4.96696748756472,6.80079845045005e-07,2.29162127542898e-05
"FBgn0039101",294.420198644807,0.980888167909152,0.197990507357557,4.95421816429682,7.26216912193247e-07,2.43721909684855e-05
"FBgn0024491",519.842489317308,-0.620661497712789,0.126030065583773,-4.92470978919099,8.44856458505714e-07,2.81637478270481e-05
"FBgn0028990",1360.33038646665,0.715298446086419,0.145254360858084,4.92445419098485,8.45961426980899e-07,2.81637478270481e-05
"FBgn0033079",379.010277573815,0.655561269762848,0.133185280030627,4.92217510532768,8.55875794874989e-07,2.83802957798587e-05
"FBgn0000146",1576.30641475813,-0.490157617872317,0.0996347156158382,-4.91954651391006,8.67449531590936e-07,2.86013003043583e-05
"FBgn0087007",133.271978253871,-1.12328278197153,0.228351103391918,-4.91910380675344,8.69413550042371e-07,2.86013003043583e-05
"FBgn0033188",1362.00120351931,0.536100126447472,0.109124330414926,4.91274607971517,8.98095560913847e-07,2.94285407617557e-05
"FBgn0011710",2572.23238150938,-0.400088481319776,0.0817416867402003,-4.89454643371108,9.85327110715492e-07,3.21603040881766e-05
"FBgn0000416",38598.4010589658,0.370506538366435,0.0757246560941228,4.89281242698427,9.9405137074848e-07,3.23183185888266e-05
"FBgn0037844",248.598836365011,-0.701708986804867,0.143441499777318,-4.89195238403264,9.98406020419346e-07,3.23335926379386e-05
"FBgn0031913",953.67044458264,0.734164589614559,0.150196405575752,4.88803035465638,1.01849829339323e-06,3.28564391314413e-05
"FBgn0086365",3446.9162597271,0.535302920483977,0.109657973799505,4.88156858946443,1.05245303698323e-06,3.38207205668396e-05
"FBgn0038720",255.828828105931,-0.680957277730809,0.139645692560712,-4.87632139054171,1.08082460887879e-06,3.45988585373007e-05
"FBgn0063667",13.0518993653136,-2.79931174684625,0.575068403569649,-4.86778916989693,1.12853630196836e-06,3.59877687405466e-05
"FBgn0037678",35.3314222655489,-1.73756012968644,0.357241438967041,-4.86382580562482,1.15138252983481e-06,3.65761709763937e-05
"FBgn0037850",339.794493211898,-0.640267554660742,0.13174284534628,-4.8599797049914,1.17397787163212e-06,3.71521590326772e-05
"FBgn0011674",111.519325414977,-0.921198809499239,0.189602602364999,-4.85857682335953,1.18232532799258e-06,3.72745973669781e-05
"FBgn0013765",2713.53435824206,-0.496248142169996,0.102651247812737,-4.83431183491587,1.33607011696011e-06,4.19626852205999e-05
"FBgn0051856",84.5636456296641,-1.00295430307383,0.207869014263368,-4.82493413762522,1.40049540032675e-06,4.38207639733817e-05
"FBgn0000299",50847.6179108074,-0.636464548381713,0.132639110927634,-4.79846814360026,1.59883730996785e-06,4.98394117260765e-05
"FBgn0036576",1775.64757341738,1.03296226242701,0.216357129679842,4.7743389088012,1.80298535728254e-06,5.59934594353081e-05
"FBgn0031888",2725.95825186697,-0.455933179196897,0.0955516107454767,-4.77159072086579,1.82776620932021e-06,5.65520377701567e-05
"FBgn0027578",1372.71794925755,0.507347923545177,0.106635217116819,4.75778956767518,1.95724375863892e-06,5.98902198645285e-05
"FBgn0033368",63.8159109282604,-1.32590250139179,0.278654460885467,-4.75823174399767,1.9529621014673e-06,5.98902198645285e-05
"FBgn0063493",302.068415237205,-0.86413431489671,0.181568501237636,-4.75927437306834,1.94290176786348e-06,5.98902198645285e-05
"FBgn0031461",546.964664368397,-0.62396979555109,0.131216212940345,-4.75527971406068,1.98171842158187e-06,6.04170052118164e-05
"FBgn0045852",2029.06047311394,0.672372310084535,0.141497027268903,4.75184760459135,2.01566272854522e-06,6.122759448789e-05
"FBgn0002778",1195.49551398941,0.667149216865243,0.140710387879992,4.74129328272647,2.1235826058555e-06,6.42711928310374e-05
"FBgn0032451",584.687745012542,-0.759595504089244,0.16030173923399,-4.73853563734872,2.15268174684898e-06,6.49158339819713e-05
"FBgn0259749",1396.38874593679,0.632572328277092,0.133592207037061,4.73509901742699,2.18948178807836e-06,6.57872091053292e-05
"FBgn0022338",1046.79162112979,0.471515175874418,0.0997423782622812,4.72733038944117,2.27490947612165e-06,6.79007914690547e-05
"FBgn0035500",4353.27271493634,0.565784228539609,0.119686448434432,4.7272204659792,2.27614091311621e-06,6.79007914690547e-05
"FBgn0010097",108.554720943388,-1.0476211546245,0.222002608763173,-4.71895875666072,2.3705487011498e-06,7.04645601416779e-05
"FBgn0015576",177.174134694188,0.924212907723628,0.196366137486326,4.70657985920808,2.51907329426802e-06,7.46129787480168e-05
"FBgn0260966",746.152600996254,0.937189648037236,0.199193036973635,4.70493177008632,2.53950870494426e-06,7.49515281959257e-05
"FBgn0033446",81.5473124726477,1.12122674864649,0.240767515433854,4.65688548816928,3.21028885313477e-06,9.44142548573875e-05
"FBgn0015777",1046.00160294417,-0.525116796097026,0.112909395260553,-4.6507803437017,3.30681391221559e-06,9.69106063076421e-05
"FBgn0011722",13208.800122207,0.57979139120814,0.12504378452951,4.63670700138886,3.54003657883377e-06,0.000103381489282925
"FBgn0029090",43.5370510903287,1.47007708750692,0.317899693359458,4.62434257791078,3.75788353380772e-06,0.000109359666614971
"FBgn0036732",2446.4960649636,0.56028407980574,0.121282432536867,4.6196639371941,3.84362086584659e-06,0.000111465005109551
"FBgn0035879",1373.64828928564,0.484878961339111,0.105154937327796,4.61109077387032,4.00561564237184e-06,0.000115759510387017
"FBgn0020493",336.012215523219,0.775782816580522,0.169515652723936,4.57646715282345,4.7289391902138e-06,0.00013619017605588
"FBgn0030145",464.403612387097,-0.661976758525043,0.145123856173451,-4.5614606445811,5.07989984624694e-06,0.000145793125587287
"FBgn0033504",2075.1192890741,0.680688449332982,0.14968141483648,4.54758160909023,5.42658803361607e-06,0.000155207876988957
"FBgn0036373",3859.07628394265,0.978796978249122,0.215392644952205,4.54424513179786,5.51324693063291e-06,0.000157146418505677
"FBgn0032436",17.2791286030273,-2.35010891566453,0.518309288170064,-4.53418252248922,5.78270083548914e-06,0.000164264228852478
"FBgn0014869",1571.11364930877,-0.560791197487156,0.123844279384153,-4.52819621766813,5.94893279272311e-06,0.000168411454536852
"FBgn0010382",1180.47215706716,0.565334007942027,0.125102031527064,4.51898343329242,6.21372561166907e-06,0.000174719048195681
"FBgn0052677",46.1441898302105,-1.26981691672014,0.280964096029106,-4.51949887785164,6.19861762412589e-06,0.000174719048195681
"FBgn0011823",5710.87915126579,-0.433499622582079,0.0959886805273902,-4.51615357352871,6.29730026186654e-06,0.000176472828550556
"FBgn0034694",413.590522332951,0.605442035626012,0.134635157521655,4.49690888153512,6.89485182458628e-06,0.000192569972268562
"FBgn0036641",223.179359324885,-0.738521915231874,0.164351140491403,-4.49356124346765,7.00418655339047e-06,0.000194969380213608
"FBgn0033113",373.889804927955,-0.981186911859484,0.218610485812558,-4.48828841952613,7.17976827082908e-06,0.000199190704393701
"FBgn0031012",939.461653373582,0.474117931844254,0.105732616433389,4.48412181441615,7.3214830508682e-06,0.00020244751970889
"FBgn0035173",518.570117221753,-0.53223207346919,0.118869414120772,-4.47745181050898,7.55392715535632e-06,0.000208183230841161
"FBgn0011606",1771.58614826304,-0.449797886725601,0.100536477538241,-4.47397698566188,7.6778009383003e-06,0.000210898802671529
"FBgn0028542",1164.0097246849,0.956224746247373,0.21376495908073,4.47325300816139,7.70385331725078e-06,0.000210918326182494
"FBgn0031307",1793.89149476313,-0.810107834253728,0.181156247677055,-4.47187356020917,7.75372697342926e-06,0.000211587769179842
"FBgn0051116",169.465835508821,-0.698257109780735,0.156729960219741,-4.45516038415216,8.38305016691036e-06,0.000228013485422206
"FBgn0035001",8222.601770668,0.426545835000944,0.0957985857881951,4.45252747200268,8.48653781806852e-06,0.00023007639824034
"FBgn0001091",4323.4864368713,-0.707932555458429,0.159126121125574,-4.44887709479053,8.63203907839307e-06,0.00023326123782294
"FBgn0001206",593.01284521523,-0.479373747521905,0.107774076688999,-4.44795040003194,8.66935411595215e-06,0.000233511437886957
"FBgn0000447",619.766935722834,-0.527156783575375,0.118546671264092,-4.44682906701787,8.71471275415459e-06,0.000233975981460738
"FBgn0039651",74.2280666451171,-1.12230821034302,0.252706888193988,-4.44114609761443,8.94810149938412e-06,0.000239469610223068
"FBgn0260745",6070.81986194862,0.558739833131645,0.125891867319708,4.43825200966079,9.06923968347299e-06,0.000241933595787005
"FBgn0035020",282.775795201525,0.777753652417292,0.175704001423141,4.4264993746173,9.57746599804597e-06,0.0002546749185359
"FBgn0052687",327.243905061807,0.560997399934658,0.126819481921933,4.42359006229024,9.70741370530358e-06,0.000257308293851088
"FBgn0002609",43.2561523172707,1.51338501251999,0.342235829107552,4.42205311017974,9.77674157231168e-06,0.000258323238432858
"FBgn0028939",20.0274780718734,2.40466998080448,0.544165048511331,4.4190085110812,9.91547430227882e-06,0.000260335938857623
"FBgn0086355",4137.8476342969,-0.731579122582137,0.165543522764447,-4.41925549465989,9.90415032913742e-06,0.000260335938857623
"FBgn0027590",463.783287375401,0.552778987763964,0.125226351632727,4.41423854130314,1.013661409171e-05,0.000265305154356296
"FBgn0000405",2318.16256844911,-0.526630792179055,0.119357700468272,-4.41220625156939,1.02322568067043e-05,0.000266968882138557
"FBgn0042094",112.984223465426,0.912480226624019,0.208177610273967,4.38318138738923,1.16958652973666e-05,0.000304202146468695
"FBgn0036560",18.8948093435622,-2.14711184974478,0.490534669807463,-4.37708480541759,1.20277184896605e-05,0.000311858881587054
"FBgn0014906",3660.32827502897,0.434215422943281,0.0994561996236556,4.3658959882477,1.26602716950695e-05,0.000327240500987774
"FBgn0033777",927.530621961358,-0.512503969811762,0.117581696566887,-4.35870534935019,1.30834122953806e-05,0.000337130775648459
"FBgn0261546",28.1216311807739,1.82855792678041,0.419752073951868,4.35628086256957,1.32291007387111e-05,0.000339832732865101
"FBgn0035710",17.3494517322533,-2.30747188297315,0.529869508752192,-4.35479272700008,1.331928857082e-05,0.000341096734692108
"FBgn0085446",3992.28118228245,-0.580961918758373,0.133603794148907,-4.34839386455498,1.3713815709796e-05,0.000350122969793351
"FBgn0011259",264.921325526995,-0.758055424879145,0.174362485202166,-4.34758327744763,1.37645814092404e-05,0.000350344376358128
"FBgn0031313",1463.8325044318,0.671480075569231,0.154617185417763,4.34285538024086,1.40642720933286e-05,0.000356880904368214
"FBgn0032420",134.444132222651,-0.788139993535415,0.181680910356024,-4.33804515835464,1.43755622158933e-05,0.000363671137759514
"FBgn0024250",391.710014844428,0.714303569761044,0.16476926421022,4.33517484698907,1.45644310309419e-05,0.00036733260445615
"FBgn0039613",2832.92179310777,0.534048368577227,0.12360183695574,4.32071546613392,1.55524109974145e-05,0.000391065609460666
"FBgn0041180",8880.30521294992,0.457575478644886,0.106150576504018,4.31062641122412,1.62792734737538e-05,0.000408109617837509
"FBgn0038815",174.774651003323,-0.704753460946597,0.163772882050537,-4.3032366050023,1.68320927501234e-05,0.000420701225102933
"FBgn0050035",1302.7918529206,-0.524903991577562,0.122187962176314,-4.29587319592203,1.74007031865418e-05,0.000433610935992775
"FBgn0020376",40.8133706634298,1.48986812878528,0.347083514718456,4.29253498252088,1.76644708563859e-05,0.000438869823694626
"FBgn0033359",368.445614351547,0.770726456626666,0.179605678543363,4.2912143027849,1.77698719543073e-05,0.00044017453653482
"FBgn0028434",83.6655249038761,-0.984199617405413,0.229786661866184,-4.28310159263534,1.8430596624322e-05,0.000455186515442826
"FBgn0031688",30.8034282343386,-1.60230227238546,0.374741947620376,-4.2757483718066,1.90496289827404e-05,0.000466323711833379
"FBgn0034476",161.22533980415,0.938667545318682,0.219508140896748,4.27623112967008,1.90083878910651e-05,0.000466323711833379
"FBgn0260486",1986.89439634065,0.629115858047262,0.147135219316972,4.27576661092925,1.90480693010629e-05,0.000466323711833379
"FBgn0259714",117.023355119578,1.02942371510492,0.240929034115044,4.2727258625599,1.93097798378195e-05,0.000471305858035694
"FBgn0035084",118.634612907738,0.927661068708205,0.217278990718934,4.26944669449519,1.95958473050997e-05,0.000475797824759594
"FBgn0050085",2469.13699619427,0.433115643945731,0.101448707699255,4.26930666509527,1.96081525762995e-05,0.000475797824759594
"FBgn0000392",1080.22701781589,-0.465805178676411,0.109278559578115,-4.26254866896778,2.0210846161571e-05,0.000488996722682429
"FBgn0026415",46.9552231914367,-1.15595647518709,0.271362572268778,-4.25982281020737,2.04589025476498e-05,0.000493563611316202
"FBgn0022382",608.086725977496,0.527116028265069,0.123783433242065,4.25837298626438,2.05920164783765e-05,0.000495339170952393
"FBgn0261547",647.770114014174,0.567104941072282,0.133470629326524,4.24891186872964,2.14811403072849e-05,0.000515237840857442
"FBgn0032156",1439.21310336495,0.429836969098206,0.101180178744643,4.24823294869858,2.15463288575324e-05,0.000515316365175984
"FBgn0001114",39031.0535937364,0.522728650521448,0.123274474060029,4.24036406974976,2.23157540932525e-05,0.000532189172831349
"FBgn0031489",1021.62763547888,-0.510441241275005,0.12047707704698,-4.23683287963534,2.26694736767089e-05,0.000539080084032137
"FBgn0085403",215.71690690768,-0.926393820371936,0.218691162405813,-4.23608256584634,2.27453169342589e-05,0.000539342657674749
"FBgn0015522",136.158697851462,0.889780334804581,0.210155481509455,4.23391447329224,2.29658315694716e-05,0.000543024477706569
"FBgn0036824",3000.14383346058,0.612117651755926,0.144633013209494,4.23221253690748,2.31403577183745e-05,0.000544059879350371
"FBgn0261444",719.446959722118,-0.690833133938234,0.163210078717004,-4.23278476040744,2.30815383378764e-05,0.000544059879350371
"FBgn0031285",3259.60723791167,0.438989721928972,0.103784745220438,4.2298096988778,2.33889082776034e-05,0.000548354601674629
"FBgn0020391",222.120927479407,-0.643691316104115,0.152728078298501,-4.21462329176987,2.50195445836338e-05,0.000583298794312561
"FBgn0034225",49.1009361711163,1.30167406269514,0.308839878287721,4.21472145990965,2.50086647164301e-05,0.000583298794312561
"FBgn0000490",200.714847330613,-0.863068367952859,0.205361234891335,-4.20268396033723,2.63768733545803e-05,0.000613225466285397
"FBgn0029664",606.393046095027,-0.545302148173015,0.129989719355704,-4.19496365463219,2.72915346102517e-05,0.00063272268122876
"FBgn0025628",3536.50591240079,0.503455487788878,0.120040947229662,4.19403128188974,2.74040165524262e-05,0.000633565638238453
"FBgn0032005",4051.88848946746,0.399830060328487,0.0953895874520316,4.19154827071193,2.77057223669558e-05,0.000638766557507405
"FBgn0001977",724.064947911686,-0.479180031576912,0.114373753367507,-4.18959785325227,2.79449257028307e-05,0.000640731726238732
"FBgn0031268",126.217529851985,-0.826094738478413,0.197172083201353,-4.18971451265138,2.79305633120225e-05,0.000640731726238732
"FBgn0039060",87.5501555757668,0.971244379119786,0.232334461418803,4.1803715780632,2.91033136934206e-05,0.000665458461182251
"FBgn0038912",570.635960868885,0.530509995669284,0.127067489080981,4.17502540977406,2.97952795006343e-05,0.000679414003517204
"FBgn0034804",39.0225600298995,1.50066695482853,0.359771285837474,4.17116933424879,3.03040558358491e-05,0.000688122472635557
"FBgn0038804",110.431182138874,-0.793249404964718,0.190187531421023,-4.17088017830508,3.03425384425387e-05,0.000688122472635557
"FBgn0032105",572.329987324432,-0.522795562130959,0.125390944416234,-4.16932470334976,3.0550348527723e-05,0.000689497303431663
"FBgn0039381",733.093027482758,-0.604291482286011,0.144942292228012,-4.16918673630044,3.05688459649506e-05,0.000689497303431663
"FBgn0050269",152.254655114211,0.784019527857679,0.188314363330875,4.16335490288719,3.13605340994446e-05,0.000705442500836966
"FBgn0031245",193.076143375563,-0.684750945944296,0.164648210524369,-4.15887268840342,3.19822082494603e-05,0.000717487652992609
"FBgn0033268",82.4190108552357,-1.07695674387629,0.259170873105225,-4.15539266034359,3.24729371029104e-05,0.000726538321256784
"FBgn0027843",742.966537243545,-0.594087957614086,0.143080512971235,-4.15212348122852,3.29404431605877e-05,0.000735022274599387
"FBgn0039538",104.631423184214,-0.820133571840827,0.198247594150953,-4.13691563498293,3.52005455621997e-05,0.000783353317417616
"FBgn0013763",28002.8548028611,0.632330823759912,0.152969279719335,4.13371119299313,3.56951980876016e-05,0.000792243023154956
"FBgn0037896",73.1204741407146,-0.906709842204813,0.219782343657173,-4.12548991478197,3.69946394698029e-05,0.000818899958263748
"FBgn0034793",522.5892065065,-0.601784057906562,0.146319368258745,-4.11281202938487,3.9086863564487e-05,0.000862917680231367
"FBgn0040813",44154.4774298937,0.964631275667295,0.234616768914834,4.11151888302347,3.93064720243472e-05,0.00086547028216572
"FBgn0032881",222.523391466227,-0.649256797212479,0.157937886734091,-4.11083629544561,3.94228641039077e-05,0.000865742738619589
"FBgn0024150",2194.02334221188,0.599237487280468,0.145927476070989,4.10640616431245,4.01862603105672e-05,0.000880184854118029
"FBgn0000565",602.088255866095,-0.743699337881088,0.181411588247421,-4.09951395644462,4.14018704423619e-05,0.000902062219088423
"FBgn0027836",3303.53474245739,-0.579595800123473,0.141378679724624,-4.09959833584812,4.1386779315127e-05,0.000902062219088423
"FBgn0038660",1644.81316927174,0.482024245665628,0.117850711176808,4.09012589616416,4.3113910051175e-05,0.000936911418683889
"FBgn0259935",44.8976620743795,-1.21827903482588,0.298133126673569,-4.08635916584941,4.38195268648821e-05,0.000949765422126078
"FBgn0036862",261.053759915909,-1.08738974855631,0.266285359118122,-4.08355063965029,4.43527585140909e-05,0.000956341992520153
"FBgn0261563",1825.21109591488,-0.693532293418329,0.169814803085822,-4.0840508649168,4.42573365935041e-05,0.000956341992520153
"FBgn0035523",47.9043767125629,-1.54836098034542,0.379307515458874,-4.082073033729,4.4635764356262e-05,0.000959957278390618
"FBgn0025836",93.7272560262464,1.12546660453255,0.276845067391456,4.06533016873714,4.79645111615835e-05,0.00102888821236562
"FBgn0033402",1106.67039593139,0.411970122991354,0.101494451844172,4.05904081953036,4.92747003968097e-05,0.00105427591620218
"FBgn0033362",128.99299329468,0.869827125243168,0.214649869423028,4.05230679888712,5.07150998574011e-05,0.00107954418443261
"FBgn0052813",166.039089943404,0.737305268048579,0.181926694788232,4.05276020051277,5.06168780267329e-05,0.00107954418443261
"FBgn0032859",3429.19011939344,0.48975366286519,0.120890613542486,4.05121331188439,5.09527291523968e-05,0.001081835624325
"FBgn0001197",3285.18575855722,-0.346418591881812,0.0855296547767552,-4.05027464200593,5.11575559964189e-05,0.00108342070879948
"FBgn0000286",484.873825567724,0.531569096645136,0.131464073564132,4.04345523635262,5.26692156029711e-05,0.00111064962689073
"FBgn0033448",826.35086810209,0.558418751825387,0.138110568084245,4.04327315115205,5.27101529042219e-05,0.00111064962689073
"FBgn0032078",4734.15883504287,-0.395521459876931,0.098292824148096,-4.02390981544091,5.72398437990195e-05,0.00119739398327558
"FBgn0035113",104.641428605365,-0.78597967018438,0.195306224315947,-4.02434521960192,5.71340557438224e-05,0.00119739398327558
"FBgn0051005",310.92428653839,0.544313420811991,0.135279136725639,4.02363168472844,5.7307516958766e-05,0.00119739398327558
"FBgn0053007",113.811567199523,0.781442582151084,0.19423204879224,4.02324223530666,5.74024028988293e-05,0.00119739398327558
"FBgn0261545",1657.63105456267,0.55156655672598,0.137133624774172,4.02211024199414,5.76790487098731e-05,0.00120015680603068
"FBgn0010549",415.221070253753,0.515796494854248,0.128471254374223,4.01487863854577,5.94763907687728e-05,0.00123446882884912
"FBgn0036688",375.065034571579,-0.623380175645739,0.155614852634153,-4.00591694875868,6.17773543167544e-05,0.001279037114374
"FBgn0010316",466.387453553752,0.759807415742566,0.189803730639138,4.00312160980196,6.25121482841961e-05,0.00129103873491157
"FBgn0001257",8089.80172193454,-0.665455239137006,0.166268134354226,-4.00230171416542,6.27292337401471e-05,0.00129231537727536
"FBgn0015801",819.797695910339,0.424938993534323,0.106202046824409,4.00123167340554,6.30136242496023e-05,0.00129496887562825
"FBgn0083959",1450.85306495036,0.45594747832841,0.114313690734394,3.98856405911867,6.64744532054928e-05,0.0013627262907126
"FBgn0034398",4836.26199794252,0.405278748425391,0.101883651545939,3.97785849128752,6.95387338699092e-05,0.00142204147911365
"FBgn0085354",144.863790139415,-0.776759999478814,0.195988662671375,-3.96329047247621,7.39237454432286e-05,0.00150800816991174
"FBgn0086687",8483.08750916573,0.313403813009095,0.0791798548965293,3.95812562953854,7.55402252260314e-05,0.00153721587911066
"FBgn0037222",305.555944890463,0.633460936223167,0.160221231988811,3.95366412029216,7.69634297699064e-05,0.00155927551488522
"FBgn0041604",322.124924053231,-0.561945623888544,0.142136835653727,-3.95355378008804,7.69989470885287e-05,0.00155927551488522
"FBgn0036616",116.937071658535,0.854831301554406,0.216388510489984,3.95044681262767,7.80054318161422e-05,0.00157582332282949
"FBgn0050185",444.185537086269,-0.47212817327308,0.119653672114525,-3.94578925100758,7.95375499339321e-05,0.00160288384527873
"FBgn0250829",76.2531308350427,-1.23218525239924,0.312438685780706,-3.94376659638138,8.02117292168183e-05,0.00161256575427917
"FBgn0035932",27.3929662617669,-1.53377679991406,0.389044997325161,-3.94241491462269,8.06652710561724e-05,0.00161777602650728
"FBgn0011016",1740.18412265824,-0.462481770125594,0.117504851664252,-3.93585255055722,8.29018637896865e-05,0.00165863512577298
"FBgn0259111",2341.81764366561,-0.639070730874546,0.162553685375833,-3.93144412196487,8.44371231443252e-05,0.00168530018208686
"FBgn0026179",467.031566887569,-0.684766419024143,0.174248593004956,-3.92982466724807,8.50078249892829e-05,0.00168891681988086
"FBgn0038261",29.1335873064291,-1.50634215926161,0.383314779901782,-3.9297784438356,8.50241676715222e-05,0.00168891681988086
"FBgn0034950",95.8165335222672,-0.863964508525633,0.219938669842026,-3.92820648204423,8.55817187907504e-05,0.0016959443940367
"FBgn0039178",13.9245762073993,-2.32069415478988,0.591266318702606,-3.9249557794567,8.67456715225703e-05,0.00171492689805784
"FBgn0004650",135.753928856294,0.738299851575457,0.1881860142232,3.92324506485263,8.73642042346606e-05,0.00172306225555706
"FBgn0004652",1957.70512438406,0.674673290235723,0.172008702038922,3.92232068632817,8.77001579304622e-05,0.00172559908854666
"FBgn0033649",682.154261795868,0.738392961817028,0.188622352564646,3.91466309150162,9.05305283677356e-05,0.001777088650011
"FBgn0026150",977.928192953433,-0.391104057205496,0.100138807230278,-3.90561929009318,9.39843804442578e-05,0.00184054587867661
"FBgn0250906",2642.4799500964,-0.578821895266185,0.148726072274443,-3.89186567233545,9.94763188735051e-05,0.00194352441780325
"FBgn0051314",5152.88853398192,-0.354809059830402,0.0912381128143206,-3.88882506318907,0.000100730689185899,0.00196342277773827
"FBgn0259110",654.097972037465,0.5139622266347,0.132218920666917,3.88720633962412,0.000101404551369851,0.00197193944170857
"FBgn0259741",33.1618846496528,-1.30591624967844,0.336148524055415,-3.8849382229123,0.000102355911983767,0.00198580012923286
"FBgn0033128",451.059269600314,0.578590137707048,0.149877194702839,3.86042812486727,0.000113188532308178,0.0021908561730255
"FBgn0035903",104.325952374474,0.77803346832532,0.201591378556681,3.85945804773869,0.000113638762837478,0.0021944673389706
"FBgn0041607",753.427098114364,0.448447636677929,0.116369168636898,3.85366366307215,0.000116363417813841,0.00224071458331944
"FBgn0051614",93.0282262503905,-0.947410686854084,0.245874724829041,-3.85322520447283,0.000116572079127396,0.00224071458331944
"FBgn0034894",557.00617873303,0.524179794068214,0.136157739620515,3.84979800288368,0.000118215276473546,0.0022670639310814
"FBgn0031968",73.9265241527181,-0.868903572387306,0.225963954631854,-3.84531937318474,0.000120395524541032,0.00230356770288507
"FBgn0034013",1553.92067285085,-0.408213741930572,0.106246535038655,-3.84213698622787,0.000121967727995632,0.00232829678923771
"FBgn0051098",166.917895676097,0.680728480243419,0.177324883872082,3.83887734974906,0.000123598148629935,0.00235402148980995
"FBgn0034403",68.0348309617653,-1.05006599135718,0.273684925819903,-3.83676955612882,0.000124663349895002,0.00236888826752534
"FBgn0037607",5382.40990009604,-0.551064981834908,0.143912084791967,-3.82917795007627,0.00012857201565835,0.0024375965519919
"FBgn0037717",512.820308697081,-0.457814700366238,0.119774580535287,-3.82230268158911,0.000132211263403683,0.0025008962393383
"FBgn0028397",353.993833264944,0.745575143794288,0.195098610914783,3.8215297397476,0.000132626416065652,0.00250306045558827
"FBgn0051462",90.4135250834842,-1.23980297842665,0.324497756913935,-3.82068273820294,0.000133082757097322,0.00250599046905207
"FBgn0035390",1125.63532288896,-0.408927984159614,0.107063892260194,-3.81947616070047,0.000133735383193428,0.0025125950210359
"FBgn0028473",22265.5297872382,0.529324245326735,0.138611694514921,3.81875603771479,0.000134126326416982,0.00251426444767689
"FBgn0022160",1326.30583486687,0.856678049955278,0.224477271990566,3.81632422008087,0.000135454493592512,0.00252851825063773
"FBgn0031126",355.20252256803,0.472122091499558,0.123713563161941,3.81625166580603,0.000135494309718182,0.00252851825063773
"FBgn0037240",1717.55825669305,-0.530222323605262,0.138963138199814,-3.81556095000432,0.000135873911277382,0.00252992967239743
"FBgn0003041",1619.16206239585,-0.411805361037969,0.107955552509532,-3.81458249682535,0.000136413361910447,0.00253430448924253
"FBgn0054056",74.3575026306344,0.893237952089854,0.234891284711587,3.80277179371139,0.000143086150084296,0.00265235195356702
"FBgn0038545",81.9813572113352,-1.02750434747771,0.270254562221688,-3.80198705631786,0.000143540227978767,0.00265485626103839
"FBgn0010894",181.68812316128,-0.863809279966953,0.227461909259585,-3.79759970703997,0.000146104013968544,0.00269555767057724
"FBgn0033153",257.28453455787,-0.652416764120227,0.171856087887595,-3.79629707704594,0.000146873480071169,0.00269555767057724
"FBgn0039788",17.2207108895371,-1.79468093366043,0.472779350298132,-3.79602225124407,0.000147036306913621,0.00269555767057724
"FBgn0041183",162.122101171744,0.684831704178543,0.180371281760093,3.79678903146799,0.000146582434297019,0.00269555767057724
"FBgn0031769",1279.27586460846,-0.359915620608737,0.0948574918567169,-3.79427722116449,0.000148074162512098,0.00270861814195207
"FBgn0051150",8828.04920299686,0.359312787963787,0.0947828202449578,3.79090627431401,0.000150098591845261,0.00273962846475462
"FBgn0038256",1075.95128072759,0.616330748996129,0.162673111816207,3.78876842100665,0.000151395956616894,0.00275726159063985
"FBgn0030576",279.455701027547,0.542646094543973,0.143630437322018,3.77807172812101,0.000158047362795759,0.00286585664607647
"FBgn0051361",1344.44828946582,-0.633836107772657,0.167746214438187,-3.77854194740246,0.000157749282794613,0.00286585664607647
"FBgn0028540",115.128299402637,0.834938824998274,0.22102971258057,3.77749586356595,0.000158413135235694,0.00286624461862321
"FBgn0034249",547.155132346549,-0.508351476345964,0.134594890017157,-3.77690026925364,0.000158792277407118,0.00286687228819835
"FBgn0029608",636.639779379606,0.541678743142779,0.143607563074638,3.77193743522582,0.000161984877427238,0.00291431668199755
"FBgn0033483",4877.05754132011,0.293789293896076,0.0778924775218531,3.77172871171869,0.000162120464227426,0.00291431668199755
"FBgn0261258",1991.0557257656,-0.581500819978672,0.154282146676966,-3.76907394992509,0.000163854340705016,0.00293913723639622
"FBgn0033033",1786.58878999638,0.374577508411127,0.0995944476536711,3.76102802149855,0.000169216470151373,0.00302879286251586
"FBgn0035312",220.538765610123,0.595979416516016,0.158565579795913,3.75856738444176,0.000170889018029467,0.00305216587351772
"FBgn0008649",295.936711989463,-0.506804310710326,0.135039102905083,-3.75301893901466,0.000174717649366212,0.00310721152922004
"FBgn0035076",30.8121426795886,-1.3781503350379,0.367164198237893,-3.75349868438144,0.00017438344800964,0.00310721152922004
"FBgn0002567",48.7662385142034,-1.01040292518316,0.269317079061734,-3.75172242586054,0.000175623845462154,0.00311666794409704
"FBgn0034636",15.1662359837059,2.36166816617014,0.63004125474362,3.74843416742791,0.000177942029806199,0.00315108832782338
"FBgn0053556",220.851927473562,-1.03401429254656,0.27610794869353,-3.74496387170035,0.000180419736745848,0.00318818146270848
"FBgn0261109",362.953653667968,-0.592214207677744,0.158677652509838,-3.73218407450934,0.000189826699533804,0.0033473042801268
"FBgn0026721",3845.44554569805,0.676493253376616,0.181289800195039,3.731557167854,0.000190299811760414,0.00334855250165312
"FBgn0035165",3910.80345715893,-0.34915147874733,0.0936726449290196,-3.72735796039387,0.000193497545514136,0.0033976372812535
"FBgn0030966",255.848806945911,-0.656181872315723,0.176102316673597,-3.72613992087308,0.000194434499136231,0.00340690176065443
"FBgn0051637",2676.30079198463,0.416319727117394,0.111759472742766,3.72514040107927,0.000195206543578001,0.00341324382815064
"FBgn0031538",217.036261284333,-0.736463019422091,0.197832218914749,-3.72266470781209,0.000197131229043098,0.0034396713193411
"FBgn0025681",3492.1308397653,0.494604272967357,0.132959140848496,3.71997193883004,0.000199244913899742,0.0034692791179656
"FBgn0027594",7010.52403306894,0.525050043913147,0.141253482036175,3.71707682065267,0.000201541175837126,0.00350193571292777
"FBgn0041342",3733.15045856665,0.512115241703935,0.137824450784398,3.71570674716526,0.000202636494526514,0.00351363238321704
"FBgn0001122",996.402382796517,-0.671906948929536,0.181109656213534,-3.70994547158401,0.000207303892112287,0.0035810350634248
"FBgn0041629",13145.2276704111,-0.603334644921603,0.162630583604803,-3.70984738262836,0.000207384224506879,0.0035810350634248
"FBgn0015795",2076.32485936338,0.487115334694,0.13141457025751,3.70670720711931,0.000209971454002814,0.00361072812327566
"FBgn0031738",1004.59313386697,-0.471754892124716,0.127264133473421,-3.70689588063115,0.000209815151512047,0.00361072812327566
"FBgn0038088",221.966472263029,0.567626751125482,0.153167980981589,3.70590999168234,0.000210633097904777,0.00361463767806487
"FBgn0250757",81.9153976683568,-0.895660515609831,0.242259061358828,-3.69711873969164,0.000218060362709267,0.00373439588236467
"FBgn0030318",2264.33369552952,-0.39869792550334,0.107869417366703,-3.69611642703106,0.000218922607273087,0.00374146377891972
"FBgn0032498",57.3562784644045,-1.05354527332522,0.28599445197897,-3.68379619267119,0.000229785991720331,0.00391907542845967
"FBgn0010395",1027.33891638315,-0.892766408575128,0.242965716556314,-3.67445424493955,0.000238358351857236,0.00404868686226076
"FBgn0036449",1576.92743841096,-0.392369904943093,0.106775181174046,-3.67472947017079,0.000238101566361061,0.00404868686226076
"FBgn0035285",711.120939430156,-0.412555460965449,0.112302731931146,-3.67360129064707,0.0002391558107176,0.00405395888513764
"FBgn0052311",1440.02078304185,0.57544251916925,0.156716164401098,3.67187725253706,0.000240775327580646,0.00407311595823926
"FBgn0003557",2647.54633062823,0.342920526968752,0.0935761586817,3.66461427568532,0.000247711621332617,0.00418195501896831
"FBgn0011206",274.158433217542,0.690467592007513,0.188578592333454,3.66143146718687,0.00025080995633777,0.00422569082307543
"FBgn0037705",363.859538219727,0.641992940951399,0.175975480850865,3.64819540681052,0.000264088752019285,0.00444042562233638
"FBgn0005593",33459.9845274194,0.611032221039977,0.167516315380851,3.64759826319476,0.000264703090530027,0.00444178190016414
"FBgn0052021",505.978856762046,-0.550872335805449,0.151123950893015,-3.64516896593994,0.000267216178433835,0.00447493008672999
"FBgn0026189",11465.3272344888,-0.394771872947851,0.108345076586662,-3.6436530886762,0.000268795655083247,0.00449234184188326
"FBgn0028394",149.936231247169,0.673594853641905,0.185059300415422,3.639886523562,0.000272758217894375,0.00454943215938854
"FBgn0032482",3632.96904287175,0.342266751608537,0.0940458450517173,3.63936069073885,0.000273315748501263,0.00454961394955202
"FBgn0039590",1455.4073554681,-0.421664262726877,0.11591726306023,-3.63763128627168,0.000275156945739408,0.00457112027822174
"FBgn0028373",42.060534014741,-1.29644642600649,0.356456481468345,-3.63703984471278,0.000275789282419273,0.00457249840154504
"FBgn0025683",4410.47871907418,0.297255479228337,0.0818080778981203,3.6335712421764,0.000279525219348802,0.00461604841396841
"FBgn0030305",519.448154967756,-0.478911441468079,0.131791611190516,-3.63385375701776,0.000279219165278385,0.00461604841396841
"FBgn0032601",253.03111108346,0.895320359803672,0.24680398916683,3.62765757079586,0.000286004231451785,0.00471368954133309
"FBgn0033926",6313.2527792654,-0.545495905160987,0.150571646211479,-3.62283284327539,0.00029139414075868,0.0047930305010563
"FBgn0034139",28.8998186979992,-1.22675421601035,0.33887132952997,-3.62011804808602,0.000294468639751254,0.0048340483010842
"FBgn0037901",553.31451816507,-0.407425276152676,0.112577451032631,-3.61906645083466,0.000295667715029019,0.00484417793737505
"FBgn0033292",82.5721015325122,0.914121121451361,0.252892564577558,3.61466191375909,0.000300739818406517,0.00491759824871795
"FBgn0036257",1083.93200487603,0.35287642024065,0.0976734780125189,3.61281718866836,0.000302888252242461,0.0049430174968902
"FBgn0039759",14.2505984327797,-1.96536894366432,0.545570634185471,-3.60240969823933,0.000315280939387498,0.00513519228673609
"FBgn0003366",17.7125047423461,1.7993584277969,0.499864199398174,3.59969453696282,0.000318591212771185,0.00517897395291908
"FBgn0035708",1195.98193807113,0.426773217581675,0.118596471108169,3.59853217885738,0.000320018259249923,0.00519203113399047
"FBgn0010786",3595.61139554285,-0.445604241479299,0.123881194370327,-3.59702894167474,0.000321872682025581,0.00521195784532862
"FBgn0000139",647.194002893582,0.403365732473978,0.112238700308376,3.59382041457831,0.000325864479872852,0.005266349642683
"FBgn0051125",27.1195157662147,-1.25294888031456,0.34911178821639,-3.58896182427946,0.000331997448287257,0.00535506736840085
"FBgn0037718",2623.02877867888,0.338351429639298,0.0943228405840416,3.58716327396678,0.000334295013725295,0.00537748301703972
"FBgn0038745",1477.30228975234,0.351376783700865,0.0979621274337342,3.58686354518538,0.000334679346729133,0.00537748301703972
"FBgn0035091",425.540993344291,-0.4905758967289,0.136999064677879,-3.58087040873143,0.000342451484730731,0.00549176051524831
"FBgn0016075",35789.7111807689,-0.529545402840163,0.148241112708579,-3.57218988150187,0.000354008576740926,0.00566617958502833
"FBgn0032421",180.508140290553,-0.715711636426594,0.200649101702017,-3.56698151327631,0.000361116945432468,0.00576886053135208
"FBgn0035766",1666.69840151504,0.359580463925589,0.100879476488039,3.56445608605258,0.000364611486325958,0.00579133855093693
"FBgn0039467",5447.89183736293,0.461935483938499,0.129562537015023,3.56534762733873,0.000363374227685651,0.00579133855093693
"FBgn0259246",346.390129889668,-0.935181878381145,0.262352802591126,-3.56459648665776,0.000364416380927998,0.00579133855093693
"FBgn0031988",1870.21846391313,0.363706474137953,0.10217727681917,3.55956319702697,0.00037147213621847,0.00588907159951681
"FBgn0003507",5589.57805287097,0.40773757589977,0.11458341606601,3.55843445673568,0.000373071859148006,0.00590318837203205
"FBgn0039876",277.607768916934,-0.518468696598594,0.145772233156368,-3.55670408123912,0.000375536766604351,0.00593091557580268
"FBgn0020386",2963.0501247295,0.38718806711652,0.108911377612025,3.55507455332906,0.000377871928314073,0.00595649253666293
"FBgn0030634",8.03622248134619,3.21375016918816,0.904780547258444,3.55196647289343,0.000382363577338249,0.00601590180375472
"FBgn0021795",2179.76859138744,-0.435503496771987,0.122655480522513,-3.5506240317737,0.000384318998310613,0.00603525853384761
"FBgn0041627",517.385308673011,-0.423082896980706,0.119329681222589,-3.54549591221582,0.00039187506575911,0.00614232800812254
"FBgn0010768",339.853846798057,0.472630344407826,0.133471424631881,3.54106016108959,0.000398522698028086,0.0062347827362552
"FBgn0000928",677.61312347261,-0.470045450898764,0.132827563021254,-3.53876439653983,0.000402004475436482,0.00627745450104661
"FBgn0034365",373.603254899713,0.475136855591315,0.134384913608344,3.53564133676546,0.000406786575352072,0.00634023345815598
"FBgn0029970",133.894809536488,-0.617482402995602,0.175035757159557,-3.5277500609931,0.000419107687876724,0.00652006221719247
"FBgn0036770",1695.9813046664,0.402672781981078,0.11442140628046,3.51920846868531,0.000432836449285791,0.00672107792426425
"FBgn0039644",1048.44917721058,-0.414904574349019,0.117917044420362,-3.51861409339541,0.000433807235926875,0.00672360823951468
"FBgn0004197",1275.310281904,0.445950486273422,0.126785854686793,3.51735205299582,0.000435875256708267,0.00674310364606489
"FBgn0035496",243.962617612004,0.647381753920347,0.18421119580487,3.51434532028173,0.000440839327977262,0.00680724624629823
"FBgn0034378",746.221405205802,0.483992764173085,0.137798169369579,3.51233087048494,0.0004441946228682,0.00684635527061486
"FBgn0000579",8747.44837739629,-0.46888251588188,0.133571332273346,-3.51035291706412,0.000447512308728977,0.00688474111931843
"FBgn0062978",17.3927012252053,1.68305125830637,0.482355707740334,3.48923259598373,0.000484409446180792,0.00743863435528179
"FBgn0036893",169.343051548638,-0.541327702932844,0.155303905668782,-3.48560263569506,0.000491029814127075,0.0075264109447139
"FBgn0039776",3224.61685496929,0.467180465419734,0.134156778196006,3.48234708452207,0.000497039004490563,0.0076045140337775
"FBgn0000256",2184.41274629441,0.450826538047407,0.129605590740879,3.47844977574112,0.000504322934857695,0.00768985911741663
"FBgn0046258",9.7593911064061,-2.14727508205251,0.617321466957136,-3.4783742296161,0.000504465106104708,0.00768985911741663
"FBgn0038290",977.774907202516,0.405384943263116,0.116647874942759,3.47528785639724,0.000510305439961851,0.00776466577111972
"FBgn0031637",1236.01105898604,0.385620405281498,0.11119391878749,3.4679990550426,0.000524349132412637,0.0079348324164916
"FBgn0037046",24.8263405523886,-1.51390165674355,0.436430633457284,-3.46882537724457,0.000522739103586783,0.0079348324164916
"FBgn0050359",45.746922449606,-1.2163350060612,0.350696466941944,-3.46834120305684,0.000523681922043831,0.0079348324164916
"FBgn0034501",2693.32804173261,0.481881220927047,0.139115472400351,3.46389378990334,0.000532416681166097,0.00804229407866684
"FBgn0029092",7835.31016424403,0.449970752228747,0.130010191718585,3.46104214047109,0.00053808857470618,0.0081132449407238
"FBgn0033364",87.1816252779986,0.771820482922279,0.223084633241352,3.4597653442461,0.00054064630850808,0.00813706912425452
"FBgn0053193",335.699049506769,-0.517098231371779,0.149490225463006,-3.45907720568489,0.000542029510782459,0.00814316176578052
"FBgn0051477",43.2696206502156,-1.10307087954669,0.319509607161921,-3.45238720470671,0.000555649735705568,0.00833274369419359
"FBgn0020414",9280.77951743329,0.428643662623134,0.124326211219272,3.44773365503066,0.000565311203466978,0.00845856463315685
"FBgn0259217",7285.13285983746,-0.380189391605099,0.110283889511446,-3.44737017609122,0.00056607238984361,0.00845856463315685
"FBgn0033502",73.8312258066992,0.901711315472276,0.261703347334256,3.44554750505573,0.000569903785696913,0.00850055413683764
"FBgn0029881",4250.07411099798,0.50575488610952,0.147017363328673,3.44010309162497,0.00058149264622531,0.00865789498127595
"FBgn0039026",2842.77270268278,0.401203068027371,0.116731105792791,3.43698507182436,0.000588228022863769,0.00874253898981277
"FBgn0260429",68.3400764158481,1.38167604448379,0.402398798440115,3.43359883240162,0.000595625016701948,0.00883669699467079
"FBgn0030361",132.186026426138,-0.627217339586424,0.182818819804479,-3.43081385306623,0.000601773390808608,0.00890396319638213
"FBgn0034221",140.870109330516,0.991090025691108,0.288898915087097,3.43057718092266,0.000602298603816309,0.00890396319638213
"FBgn0039094",15.6278356223564,1.73777077871716,0.506866903505641,3.42845580703381,0.000607025355375264,0.00895792913614951
"FBgn0086674",1642.11244828961,0.317922846886069,0.0927717573339026,3.42693569705494,0.000610433604014195,0.00899228121453123
"FBgn0259734",267.674550511946,-0.686092155065815,0.200264346833197,-3.42593260315712,0.000612692391154579,0.00900960913706637
"FBgn0035644",396.138821817565,0.484603587249902,0.141488151014131,3.42504714194409,0.000614692751262833,0.00902308248458652
"FBgn0032330",343.341330637151,0.657516037302753,0.192014463482739,3.42430473922013,0.00061637460751478,0.00903184129990408
"FBgn0032785",212.134155171202,0.55803265777875,0.163187498692133,3.41957969973867,0.00062717957011961,0.00917401680510635
"FBgn0003891",13040.8842482423,0.435401026031513,0.127466334730955,3.41581192359944,0.000635921516451881,0.00928556979198071
"FBgn0039209",1628.79156631517,0.559873207232793,0.16411215988381,3.41152786989812,0.000645998970727852,0.00941619865738689
"FBgn0010300",4906.94747306464,0.382779850174922,0.11227577826764,3.40928253699086,0.000651339838437204,0.00947745013166582
"FBgn0031170",938.764885858091,0.391396152934651,0.114823316346823,3.4086818373408,0.000652775641172392,0.00948176555231731
"FBgn0001297",11081.4829706462,0.391592897554584,0.115113918123283,3.40178584778255,0.000669470756457635,0.00970732596863571
"FBgn0002891",987.189347539933,-0.349592207535933,0.102862594997781,-3.39863297774544,0.000677235313708142,0.00980283394085716
"FBgn0052185",23.6343900403028,-1.29625092975434,0.381620504331986,-3.39670147447498,0.000682033283517386,0.00985514412971389
"FBgn0032698",404.531016797527,0.483836630824633,0.142512574508731,3.39504519157353,0.000686172734469504,0.00989756034515274
"FBgn0033205",1543.40743753732,-0.349335771237755,0.102909956584586,-3.39457699557594,0.000687347095938758,0.00989756034515274
"FBgn0029114",1389.91201652096,0.439329866931104,0.129484678365666,3.39291005295957,0.00069154341937529,0.00994078735658124
"FBgn0023477",1805.31534448245,-0.484757955300839,0.142911503358778,-3.39201494566786,0.00069380655587677,0.00995612407683165
"FBgn0003886",414.330418452473,-0.759050810964596,0.223864533067969,-3.39067024401822,0.000697219361056088,0.0099878773529601
"FBgn0260992",928.41900026736,0.485531549753915,0.143243579040814,3.38955192969293,0.000700069478971783,0.0100114746967047
"FBgn0030090",158.362101598493,0.764366931569863,0.226021062975496,3.38183938039762,0.000720022311303616,0.0102791521389022
"FBgn0034970",1253.4018940809,0.350735267606715,0.10375560972933,3.3803981155495,0.000723809045394271,0.0102978849313103
"FBgn0038484",27.3443986092906,1.38136256869295,0.408635583952121,3.38042652901907,0.000723734214299364,0.0102978849313103
"FBgn0027657",397.974333848677,0.47059887000968,0.13927214970065,3.37898762258772,0.000727532835917112,0.0103332010125224
"FBgn0029147",995.813378665387,-0.53197497524789,0.157466565498578,-3.37833605225036,0.000729259025245582,0.0103400730274599
"FBgn0030752",3462.6918001845,0.406113278820726,0.120298994793343,3.3758659373536,0.000735837649696362,0.0104075215461797
"FBgn0030884",80.9561556252818,-0.761757475073111,0.225664993722324,-3.37561206329786,0.000736516903844749,0.0104075215461797
"FBgn0035347",594.342200558203,0.399331384358276,0.118315574995359,3.37513792561917,0.000737787045341432,0.0104077992853843
"FBgn0031055",2915.55993792374,0.550293633125971,0.163075796426823,3.37446540310416,0.000739592118815386,0.0104156094837571
"FBgn0030954",17.0087734473579,-1.58516777071191,0.469907664563931,-3.3733601093375,0.000742567677943021,0.0104398492964861
"FBgn0035542",541.898131657097,0.947638509021757,0.281356965803846,3.36810039984019,0.000756880280433991,0.0106231274435955
"FBgn0004870",93.2501158956596,-0.734766608703813,0.218835669786062,-3.35761811327256,0.000786171469943027,0.0110156652261546
"FBgn0038118",502.913666075472,0.407663162419588,0.121545760276427,3.35398916006987,0.000796554832445711,0.0111423964209171
"FBgn0085434",515.710527359301,0.44015445582031,0.131330423678272,3.35150411833425,0.000803738434976795,0.011224018446832
"FBgn0011592",505.153409200231,-0.491426015536077,0.146861463071813,-3.34618766051497,0.000819309257607363,0.0114222964004457
"FBgn0032400",436.309795105242,0.82038184945286,0.245427767864426,3.34266108758337,0.000829791771924258,0.0115486992387369
"FBgn0053558",2918.24651330371,-0.52215318862132,0.156230066003034,-3.34220679783353,0.000831151128679968,0.0115486992387369
"FBgn0037852",734.397554345823,-0.394357399600714,0.118052454645687,-3.34052689361103,0.000836195816153375,0.0115994296297409
"FBgn0033204",335.241820915322,0.429975412652846,0.12884146390947,3.33724407970843,0.000846136057378093,0.0117177876964357
"FBgn0250837",2216.80133009794,-0.428601344530582,0.128454506586278,-3.33660029469428,0.000848098223097425,0.0117254510146842
"FBgn0038049",726.182434450734,-0.514074455690974,0.15419084454014,-3.33401413828527,0.000856023065195602,0.0117958277675877
"FBgn0086253",707.84155697284,-0.363202948024805,0.108930671376833,-3.3342578672663,0.00085527327803276,0.0117958277675877
"FBgn0260960",3027.89143523168,0.459087827936538,0.137786645110999,3.33187463535892,0.000862631059908652,0.0118672368787103
"FBgn0039208",4469.75157278451,0.327723525782436,0.0985933789329223,3.32399121857262,0.000887389901093515,0.0121876999122134
"FBgn0036147",1651.66875750575,0.301839048739227,0.0909226850518548,3.31973311794611,0.000901035411688851,0.0123547244340796
"FBgn0050273",128.634604041049,0.741499569052994,0.223520971706036,3.31736017159131,0.000908723888804123,0.0124396528396657
"FBgn0039874",882.084998896202,0.35174186606179,0.106060658064495,3.3164216824668,0.000911781388751301,0.0124610123129344
"FBgn0015903",643.262067695795,0.478548887857331,0.144349392137893,3.31521235226391,0.000915735318447096,0.0124945328777626
"FBgn0032956",2798.17542967298,-0.582125972995168,0.175703286195867,-3.31311943901969,0.000922615705779818,0.0125678077237405
"FBgn0004387",2181.71383897525,0.334183206002008,0.100928069835771,3.31110271449547,0.000929290913989055,0.01263805274041
"FBgn0037074",2808.49702729274,0.298843926374108,0.090355674697678,3.30741735230259,0.000941604920838907,0.0127846292922385
"FBgn0030051",32.9001585230567,-1.13549801964012,0.343786889812284,-3.30291251146933,0.000956862361002108,0.012970627737167
"FBgn0051163",12.172162483213,-1.70432880850515,0.516487568035932,-3.2998447861703,0.000967383154779343,0.0130919186946804
"FBgn0051453",804.044340591418,-0.344067624359918,0.104320797200176,-3.29816904772787,0.000973175259255789,0.0131489248097174
"FBgn0026576",784.855877103316,0.428191684343596,0.129858336710578,3.29737539529655,0.000975929670500595,0.013164769282944
"FBgn0033458",41.1106910288583,-1.09768667449584,0.333042170152843,-3.29593899172612,0.000980933146736069,0.0132108520716574
"FBgn0031148",2739.09450048305,-0.559600262545943,0.169839288716436,-3.2948811006872,0.00098463331405561,0.0132380968901811
"FBgn0033302",816.993587892332,0.323650776257905,0.0982546611820662,3.29399920944391,0.000987727762682024,0.0132380968901811
"FBgn0037445",1256.29323742157,0.449761062975128,0.136538226864579,3.29403034815451,0.000987618347571275,0.0132380968901811
"FBgn0036857",460.371272502086,0.39107087755255,0.118746036090975,3.29333837512637,0.000990052448561019,0.0132479204652305
"FBgn0011754",671.975058264825,-0.43562593912076,0.132297544137455,-3.29277419290681,0.00099204113873244,0.0132532237522795
"FBgn0017551",289.542240601603,-0.472497484100155,0.143536484562496,-3.29182845421039,0.000995383078218652,0.0132765598718171
"FBgn0001967",14.3461297786972,1.87472371287822,0.570036121072598,3.28878055894191,0.00100622442394949,0.0133929489884968
"FBgn0033363",70.2289723229325,0.942140016936082,0.286497791980543,3.28847217433378,0.00100732741400925,0.0133929489884968
"FBgn0016926",918.235620157575,0.439351692195286,0.133927331769517,3.28052299997577,0.00103614816261857,0.0137322629896089
"FBgn0086450",5597.66530098798,0.504057832035302,0.153641111994037,3.28074839796047,0.0010353205490731,0.0137322629896089
"FBgn0035789",13.6169709145444,2.72559668008327,0.831446214335626,3.2781395033005,0.00104493740139623,0.0138267313065513
"FBgn0023129",360.48484067327,0.45410899064326,0.138664562303015,3.27487415025999,0.00105709054226682,0.0139653406083917
"FBgn0036272",874.667226685457,-0.354771711629763,0.108406435136337,-3.2726074903541,0.00106560345255054,0.0140539785062629
"FBgn0250785",1289.6945840659,-0.431704153355401,0.131931247306623,-3.27219034283875,0.00106717702943147,0.0140539785062629
"FBgn0036290",1172.70191659293,-0.397294470978726,0.121540022655556,-3.26883657167531,0.00107990656293713,0.0141991505897721
"FBgn0032899",1098.88729724621,0.526269286321408,0.161131920106688,3.26607717436097,0.00109048525800433,0.0143156290258203
"FBgn0033924",392.146217573517,-0.483559166707682,0.148081734350582,-3.26548827124662,0.00109275530848427,0.0143228384764009
"FBgn0036059",794.81741443407,0.50383613318661,0.154484226975522,3.26140825539713,0.00110860300578531,0.0145077088319987
"FBgn0002773",41.1049798893252,1.15644576847191,0.354859141835632,3.25888678671146,0.00111850292989114,0.0146142855345117
"FBgn0003328",806.085865905627,0.363427215341635,0.111585904681762,3.25692762341366,0.00112625146090439,0.0146924622399801
"FBgn0038107",1280.57163354839,-0.436246804627292,0.134142030856709,-3.2521261370591,0.00114545176390841,0.0149195540391388
"FBgn0031816",146.017910136485,-0.651828631675102,0.200690264144522,-3.24793349818756,0.00116246436585708,0.0151174858078569
"FBgn0027552",1017.53079057058,0.499427028870934,0.153814464508412,3.24694449554593,0.00116651136648011,0.0151464494589921
"FBgn0004584",1835.38598321846,-0.402885276899908,0.124128845399342,-3.24570228300895,0.001171612949356,0.0151889946689875
"FBgn0039525",344.789516334052,-0.479087338397097,0.147729034960824,-3.24301406642333,0.00118272371822194,0.0153091905237343
"FBgn0086757",609.276305392191,0.417334820700602,0.128849793166979,3.23892503389407,0.00119981104614348,0.015506253628963
"FBgn0260768",124.786051088742,-0.588517598824669,0.18177802867569,-3.23756178407371,0.00120555832152628,0.0155563750543616
"FBgn0035603",544.18115685018,-0.387290476067769,0.119659352827811,-3.23660847994955,0.00120959242022531,0.0155842689064013
"FBgn0029095",4160.14297506183,0.452540860552098,0.139953996565156,3.23349723236676,0.00122284520962175,0.0157306656563861
"FBgn0052803",312.956553283338,-0.473266253086101,0.14647453234477,-3.23104805668286,0.00123337201161574,0.015841597612157
"FBgn0010222",541.878032476996,0.540739075046578,0.167527857043472,3.22775617494028,0.00124765270526246,0.0160003289150993
"FBgn0260936",2652.97410257452,0.321687843980168,0.0998035542071099,3.22321030083367,0.00126762449962298,0.0162314441697878
"FBgn0029861",664.605582180326,-0.451831798772092,0.140210396962428,-3.22252706333304,0.00127065161483151,0.0162452125810179
"FBgn0037213",521.101347182781,-0.460922524840698,0.143106636066657,-3.22083264277142,0.0012781876434995,0.0163164965595802
"FBgn0024841",689.319657319648,-0.370226975055414,0.114975374076465,-3.22005453801952,0.00128166211222284,0.0163357944257744
"FBgn0035539",20.4819889937152,-1.57209175112993,0.489251997169537,-3.21325566420767,0.00131239409483969,0.0167019205678146
"FBgn0039385",727.906994962873,-0.379895135913237,0.118348557566468,-3.20996845018475,0.00132749542034246,0.0168683120358935
"FBgn0034376",695.137018674744,0.497043664691238,0.154906214445829,3.2086747873182,0.00133348229535212,0.01691855662228
"FBgn0040308",728.350435977993,-0.394551720096421,0.123038276990319,-3.2067396402785,0.0013424843775344,0.0170068454706527
"FBgn0052529",10167.491155282,0.36251466006028,0.113287931706039,3.19994066977,0.00137455879969083,0.0173867065194935
"FBgn0031263",1494.0692738661,-0.357467085309667,0.111738347645289,-3.19914418677854,0.00137836213650866,0.0173948189449194
"FBgn0031952",411.524003224818,0.411336166812503,0.128585493511247,3.19893135360968,0.00137938009175139,0.0173948189449194
"FBgn0014417",1355.22697331342,0.358901704406321,0.112246982611358,3.19742852820351,0.00138658767908864,0.017459257568918
"FBgn0038595",148.281157850466,0.700079320331996,0.219051502079132,3.19595763410512,0.00139367574048964,0.0175219987735579
"FBgn0037760",1799.25391512779,0.353072594238577,0.110535017398244,3.1942148519912,0.00140211723859782,0.017601541141553
"FBgn0037672",89.9327096771335,-0.764152135202925,0.239681282840217,-3.1882011233741,0.00143160922305563,0.0179447041618856
"FBgn0004597",252.681387622171,-0.511989729071055,0.160640023686243,-3.18718658851207,0.00143664062420114,0.0179806916018438
"FBgn0086358",1451.9865818431,0.433971181785416,0.13636565107916,3.18240831434521,0.00146055750811152,0.018252582792811
"FBgn0037028",324.249280446619,-0.537119608724274,0.169120451658991,-3.17595893019079,0.0014934209254555,0.0186352958959013
"FBgn0040477",155.105497199856,0.575638792036265,0.181350102924214,3.17418508594299,0.00150257842413582,0.0187214973414408
"FBgn0013720",369.732637607909,-0.444536188835687,0.140144357362877,-3.17198777889178,0.00151399378097252,0.0188074182672153
"FBgn0053967",3283.42292766822,0.458741203890089,0.144616757843506,3.17211650109392,0.00151332285208354,0.0188074182672153
"FBgn0035957",14.2089262711191,-1.73371570920625,0.547767868964319,-3.16505550514352,0.00155053369470928,0.0192106779919114
"FBgn0037917",672.823127063575,0.416152306579168,0.131487613942843,3.16495443259064,0.00155107240304751,0.0192106779919114
"FBgn0030343",1601.68784659083,-0.494305219949052,0.156352209630261,-3.16148534848324,0.00156966714811322,0.0194040288595065
"FBgn0053508",57.9466787169097,-0.909739171283566,0.287785230350573,-3.16117394271882,0.00157134632359815,0.0194040288595065
"FBgn0032026",2579.2598597115,-0.329752911240129,0.104399335165707,-3.1585729039053,0.00158543649291,0.0195201004888904
"FBgn0051082",49.3320196977641,0.958886177735256,0.303580782808663,3.15858655104533,0.00158536226197645,0.0195201004888904
"FBgn0031872",499.601334053126,-0.341108944663175,0.108019399027891,-3.15784893947707,0.00158937894540094,0.0195397355429425
"FBgn0010314",348.225034919801,-0.583183170520483,0.184794475547078,-3.15584742884757,0.00160032547423067,0.0196163607098996
"FBgn0036752",5872.34552638993,-0.455873414617748,0.144446502678896,-3.15600174572002,0.0015994790319303,0.0196163607098996
"FBgn0039804",975.517454723,0.404912461850181,0.128351438165713,3.15471698359471,0.0016065386557515,0.0196635606350291
"FBgn0038043",371.506704324276,-0.538684894384291,0.170885592666725,-3.15231311181908,0.00161982475313837,0.0197970652281507
"FBgn0033115",168.896751541991,-0.541296698273516,0.172043037876217,-3.1462865626854,0.00165357903413259,0.0201732490966306
"FBgn0050148",57.1252165682595,1.09720642853614,0.348767313972897,3.14595543956681,0.00165545225675822,0.0201732490966306
"FBgn0034564",326.888604173911,-0.415871854969231,0.132304055788668,-3.14330390319638,0.00167052303841329,0.0203271392525056
"FBgn0036764",3653.0273934974,-0.414672245371473,0.132072748568962,-3.13972602118561,0.0016910590813914,0.0205469850137527
"FBgn0037539",560.696516544492,0.402649651803264,0.128292585269071,3.13852629096823,0.00169799701970993,0.0205712215357289
"FBgn0038465",6088.89686324392,0.36250412821592,0.115492088742688,3.13877887362108,0.00169653418346043,0.0205712215357289
"FBgn0036279",921.644168390126,0.423484438040224,0.135017825156826,3.13650762444395,0.0017097299125943,0.0206832588118057
"FBgn0003888",6840.44575477359,-0.465575903590143,0.148536189742609,-3.13442740383281,0.00172189854107206,0.0208002344809038
"FBgn0050344",631.011150471596,0.3659660872973,0.116984025463641,3.12834240270731,0.00175795257359755,0.0212049844493513
"FBgn0040384",220.190736853023,0.454754580040142,0.145423265679301,3.12711021799636,0.00176533732554929,0.0212632453842934
"FBgn0053138",1583.02674339269,-0.460734351665236,0.147381119657494,-3.12614229513222,0.00177115828739751,0.0213025295173547
"FBgn0041588",843.785338482424,-0.335367395629602,0.107357689020305,-3.12383210452838,0.00178512285742506,0.0214243923691241
"FBgn0085334",43.2635548533377,1.29844398587697,0.415686267910972,3.12361529862964,0.00178643858034027,0.0214243923691241
"FBgn0030662",712.535895926295,-0.585204007294528,0.187859341138121,-3.11511795872989,0.00183871363398013,0.0219879505396791
"FBgn0039797",244.494727701008,0.478084517712429,0.15346726728421,3.11522141608902,0.00183806880677733,0.0219879505396791
"FBgn0030362",6606.67865150402,0.403127805468124,0.129559002084844,3.11153836461421,0.00186115288862723,0.0222243550818428
"FBgn0031018",41.1372833918602,-0.949531350130827,0.305481415419916,-3.10831134792798,0.00188159729804505,0.0224362955753997
"FBgn0020633",1870.51568584678,-0.365702250624319,0.117751258744895,-3.10571839759781,0.0018981738968756,0.0226015755989924
"FBgn0039061",1055.81574568924,0.423292179622692,0.136327155746734,3.10497330707226,0.0019029619703724,0.0226262178277278
"FBgn0003390",58.7104917947691,-0.787323435251139,0.253642467676604,-3.10406787342482,0.00190879536378881,0.0226348419717937
"FBgn0086357",4878.60855008287,-0.367579954238023,0.118420744962499,-3.10401656698265,0.00190912640444542,0.0226348419717937
"FBgn0024836",16.4564922102813,-1.50327599602946,0.48460841069467,-3.10204272739419,0.00192190216293076,0.0227539000029483
"FBgn0035969",12.9145047304626,-1.76301195906376,0.568544997905584,-3.10091895198864,0.00192921087152144,0.0228079859143082
"FBgn0030485",320.571066239769,-0.499872927227804,0.161301253300062,-3.09900212801144,0.00194173625429765,0.022923504743999
"FBgn0002945",55.489224394516,1.02689664368684,0.331428355552938,3.09839706374434,0.0019457054912184,0.022937828333443
"FBgn0031914",415.403572079152,0.539215120547448,0.174151306558191,3.09624504807993,0.00195988321016657,0.0230722884840401
"FBgn0030960",252.644765107766,0.47631913089425,0.15401186611259,3.09274306530407,0.00198315753677086,0.0232867991923921
"FBgn0031070",783.087484973748,-0.543960874785945,0.175887604559057,-3.09266179472756,0.00198370066411222,0.0232867991923921
"FBgn0052133",1960.11662741036,0.374758623112362,0.12125161089214,3.09075170511119,0.00199650507963529,0.0234041010954993
"FBgn0039069",33.7387968856316,1.0661278939743,0.345080687744168,3.08950321428794,0.00200491537087427,0.0234696352064508
"FBgn0085438",59.3576274385906,0.868708920515801,0.28156474037742,3.08529015156994,0.00203353666432949,0.023771243900582
"FBgn0003053",122.585467536772,-0.927931987033567,0.300952751135644,-3.0833145187476,0.00204708676025757,0.0238960772869898
"FBgn0034523",285.179937637886,-0.468756511903921,0.152205384265154,-3.07976300685466,0.00207165368992814,0.0241489827188682
"FBgn0010228",1328.22425213936,-0.45145032788291,0.146707779753938,-3.07720782524344,0.00208949565562462,0.0243228983800891
"FBgn0004865",52.6749993426102,0.896669479184719,0.291929020340068,3.07153251889856,0.00212962965480167,0.0247209311254035
"FBgn0043362",1311.16406797147,0.335045754008876,0.109078586270772,3.07159971048004,0.00212915039027463,0.0247209311254035
"FBgn0035769",815.394003028946,0.315220033813996,0.102654539371617,3.0706877235392,0.00213566386291056,0.0247564489289757
"FBgn0028543",691.725595608684,0.539782555382288,0.175873523716156,3.06915187673984,0.00214667429124856,0.0248494716635073
"FBgn0013997",1936.46658909766,-0.383892546258522,0.125100307032629,-3.06867789028202,0.00215008277722096,0.0248543596594584
"FBgn0031261",2746.34611937322,0.593950930321772,0.193608415286336,3.06779501006375,0.00215644489306432,0.0248933298820726
"FBgn0031540",217.325014152529,0.48813178930633,0.15924877937568,3.06521526394115,0.0021751338043937,0.0250742917644996
"FBgn0005694",866.881069400714,0.333831918794339,0.10901279491157,3.06231868529873,0.00219629487249038,0.0252727880836439
"FBgn0034219",784.130544301991,0.583351608900492,0.190534221923642,3.06166316481601,0.00220110991144248,0.0252727880836439
"FBgn0035231",52.7312742493327,0.802269781187781,0.262041347607388,3.06161523176796,0.00220146237662403,0.0252727880836439
"FBgn0025865",4999.38618950673,-0.333309385360446,0.108912393890549,-3.06034394667153,0.0022108293941284,0.025345362324147
"FBgn0035295",533.426934884075,-0.361859050798494,0.118293586509146,-3.05899129003512,0.00222083606676298,0.0254250599500252
"FBgn0027525",3310.72329085403,0.365936640750015,0.119760338818147,3.0555745279385,0.00224629767965045,0.0256812302029267
"FBgn0030412",1308.5762979577,0.317461574923997,0.104102605811279,3.04950651763226,0.00229217659385815,0.0261698021820046
"FBgn0033844",4918.49313340354,0.259686498903295,0.0852969008215292,3.04450098892396,0.00233066664060367,0.0265727923969101
"FBgn0014033",6494.865602138,0.517490279014269,0.170104369301201,3.04219274989907,0.00234861449514495,0.0267407913038186
"FBgn0063491",1071.90881446277,-0.408598829458155,0.134431670240174,-3.03945364011439,0.00237007676760016,0.0269482908971805
"FBgn0024977",28.4436166909452,-1.06770844591919,0.352119469037759,-3.03223348835816,0.00242751353649407,0.0275261514499184
"FBgn0037884",880.34446906064,0.426668808598206,0.140709546938543,3.03226623837087,0.00242725015654578,0.0275261514499184
"FBgn0040373",83.7898042382243,-0.722037819982987,0.238225290418557,-3.03090330465914,0.00243823318226218,0.0276100881305688
"FBgn0032808",28.3455728310132,1.21497411484495,0.400958558715399,3.03017378837733,0.00244413056456348,0.0276392645229101
"FBgn0034603",581.237543007582,-0.442336643293864,0.146140053703807,-3.02679951240733,0.00247157827843587,0.0279117313587812
"FBgn0022702",336.116553193405,-0.727566068002739,0.240782439299509,-3.0216741308851,0.00251381008433929,0.0283501915067154
"FBgn0024891",1499.55219618794,-0.381229011765906,0.126338869555771,-3.01751165818068,0.00254859237820354,0.0286647761672811
"FBgn0030588",187.404948402575,-0.568241689886225,0.188313252064254,-3.01753426090447,0.00254840232350053,0.0286647761672811
"FBgn0035287",54.6214513054718,0.786552698295677,0.260912319056227,3.01462461083017,0.00257297492409708,0.0288999599099325
"FBgn0000079",159.515293800957,1.06709582155856,0.354053870804119,3.01393632312225,0.00257881925649527,0.0289265669431403
"FBgn0014163",3785.61963208166,-0.598624664594239,0.198883238297589,-3.00993019682492,0.00261307735901009,0.0292713901198398
"FBgn0032409",897.93891110475,-0.320405361120262,0.106470636898458,-3.00933074558234,0.00261823916038592,0.0292897910374893
"FBgn0000147",415.443457019284,-0.419669830003678,0.139503732353447,-3.00830539028447,0.00262708998278139,0.0293493556062947
"FBgn0000535",177.571465950567,0.71214768870895,0.236763728211718,3.00784116759699,0.00263110612044623,0.0293548206976863
"FBgn0053555",64.2881181525638,-0.706469921923232,0.234980811344941,-3.00650047925049,0.0026427363711341,0.0294451068499989
"FBgn0025574",407.262117446032,-0.464573656955265,0.154696883398085,-3.00312227855146,0.00267225038695095,0.0297341443457122
"FBgn0051216",1408.46794848469,-0.324118028257742,0.107993380520423,-3.00127680692843,0.00268850048403755,0.0298351860381927
"FBgn0052280",365.074562266087,-0.470944752694821,0.156912959585681,-3.00131202635092,0.00268818951991468,0.0298351860381927
"FBgn0002543",908.865173995799,-0.771279018924781,0.257332491400457,-2.9972080662155,0.00272464681285061,0.0301960524944815
"FBgn0035083",2342.88689579894,0.364783714780103,0.121834667130645,2.99408799950952,0.00275266539600184,0.0304660027804831
"FBgn0014469",840.365081129376,0.320588714693714,0.107112700821268,2.99300374498688,0.00276246359454478,0.0305265197148006
"FBgn0039756",1726.63146839717,-0.42408063351523,0.141706356821684,-2.99267190990501,0.00276546868496452,0.0305265197148006
"FBgn0032533",66.2089035475483,-0.724416622344062,0.242119432137349,-2.99198051122603,0.00277173956905144,0.0305552164678346
"FBgn0027561",2125.91392397123,0.442885287310555,0.148071321631397,2.99102677298348,0.00278041115053777,0.0306102672036057
"FBgn0036196",164.528378391859,0.61546200971493,0.205922782732819,2.98879998389241,0.00280075411732692,0.0307934960614424
"FBgn0028491",168.901233082851,-0.652549879496986,0.218453763828168,-2.98713040261587,0.00281609574215717,0.0309213256754277
"FBgn0038608",396.623423008892,0.544034891806494,0.182384904852008,2.9828942929676,0.00285536593561097,0.0313112130198816
"FBgn0003996",78.6526453624289,-0.833838728959326,0.279952615436466,-2.97849951378133,0.00289663489151925,0.0316387036773159
"FBgn0030672",6023.70741058949,0.363414138495761,0.121995897609345,2.9789045830007,0.00289280845591146,0.0316387036773159
"FBgn0053181",303.827286228513,0.520835550449939,0.174851989998679,2.97872246380424,0.00289452825083447,0.0316387036773159
"FBgn0034886",6067.49892794318,0.37009586707982,0.124354006641591,2.97614750883337,0.00291894424942195,0.0317989175234803
"FBgn0037369",284.713285597679,-0.429238212627403,0.144211849167334,-2.97644205455921,0.00291614184542537,0.0317989175234803
"FBgn0000244",510.186928378688,0.3978013453982,0.133800670952471,2.97308931686529,0.00294818646823942,0.0320754980067408
"FBgn0030322",428.086908252535,-0.513803777503229,0.172941736784178,-2.97096459800463,0.00296865999705874,0.0322560798374934
"FBgn0010194",1164.97471330314,-0.296944820794778,0.100246697784977,-2.96214067252076,0.00305508169698821,0.0331086522969178
"FBgn0031464",29.1645378331576,1.07366659561755,0.362424799525451,2.96245344419967,0.00305197959416354,0.0331086522969178
"FBgn0039735",1308.45124213296,-0.368776320198802,0.1245648108142,-2.96051764369366,0.00307122529620479,0.03324032267921
"FBgn0046687",1737.29173100976,0.530432895406263,0.179341803760555,2.95766455050525,0.00309979252548699,0.0335059392073094
"FBgn0037116",803.685643379025,0.308657467841858,0.104442322844292,2.95529110648008,0.00312374154163359,0.033682085334435
"FBgn0038603",20.075923260209,1.2604746931751,0.426520845222888,2.9552475741635,0.00312418237152274,0.033682085334435
"FBgn0046763",2202.97976927138,0.498597220148067,0.168808849348332,2.95362015719464,0.00314070315382928,0.0338163937248656
"FBgn0243512",2040.76848932206,0.442315697504413,0.149781263833734,2.95307761587197,0.00314622845729941,0.0338321181525879
"FBgn0038347",3041.64571698386,-0.322230214164021,0.109254465630759,-2.94935508863359,0.00318437870313564,0.0341981728338038
"FBgn0036801",33.9260221602026,1.02207374135349,0.346663012970376,2.94832071237097,0.00319505408561509,0.0342686020033176
"FBgn0033541",22.7479196211262,-1.09926750935767,0.373012735293143,-2.94699726135027,0.00320876045263222,0.0343713169205379
"FBgn0026760",20.2508422501611,1.26917890694736,0.431062270244667,2.94430525368639,0.00323680580248632,0.0346271654165728
"FBgn0000346",94.0126752243329,-0.641407618731032,0.217889756065809,-2.94372544314249,0.00324287542837684,0.0346475637873946
"FBgn0026380",1179.07988036986,-0.343308116746201,0.11675165639815,-2.94049889601088,0.00327684169262675,0.0349208110214243
"FBgn0034418",1012.56965718543,-0.313506186378862,0.10660877058451,-2.94071664704493,0.00327453924211878,0.0349208110214243
"FBgn0000826",125.672709110785,-0.598380831053429,0.203639928311117,-2.93842585791541,0.00329883550090646,0.0351102402481387
"FBgn0050088",14.4112953822762,1.51639238686658,0.517468651754869,2.93040434763363,0.00338521194940307,0.0359835492399512
"FBgn0033288",15.1008846456597,-1.418131187497,0.48431589108392,-2.92811203102,0.0034102714180022,0.0361115636285398
"FBgn0036053",2511.52626961936,0.358830829108795,0.12252627600396,2.92860307855269,0.00340488914557002,0.0361115636285398
"FBgn0036984",97.968004404024,-0.626005907562094,0.213775093474328,-2.92833883212531,0.00340778453524886,0.0361115636285398
"FBgn0036317",532.437296378616,-0.33045805431311,0.11300281505199,-2.92433470937051,0.00345193352524466,0.0364599527038214
"FBgn0250876",304.506815500283,-0.504217407004735,0.172416429142713,-2.92441624914633,0.00345102930867071,0.0364599527038214
"FBgn0034447",1067.14789951859,0.330166105318826,0.112943599408738,2.9232830106996,0.00346361543870919,0.036536972492239
"FBgn0039696",718.401340558908,-0.339268833886348,0.11608572388443,-2.92257154914336,0.00347153850468186,0.0365741961702115
"FBgn0034432",1476.10783023009,0.264726864705066,0.0906333937295767,2.92085349352506,0.00349073938295673,0.0367299922684562
"FBgn0025593",10.7969853991404,-1.84606970689891,0.632326101620841,-2.91948996280064,0.00350604684622882,0.0368444796731849
"FBgn0026439",276.496444118788,0.425659508503933,0.145921498748824,2.91704452156584,0.00353365329845132,0.0370783798397995
"FBgn0031047",1535.00905468963,-0.372006997342243,0.127542471096046,-2.91673035770258,0.00353721417671522,0.0370783798397995
"FBgn0026319",561.864899610162,-0.428731228621429,0.147286007383517,-2.91087548802283,0.00360417613202571,0.0377327772916352
"FBgn0085388",1944.98338502487,-0.463235134662598,0.159192207080899,-2.90991087539348,0.00361531834985059,0.0378018776706112
"FBgn0042102",10.2703533725598,-1.68236860761291,0.578897782412047,-2.90615832142787,0.00365896263521859,0.0382102208443216
"FBgn0032140",2149.28946165863,-0.38239102742844,0.131627954364951,-2.90508979854101,0.00367147748481054,0.038292866047717
"FBgn0032699",1656.86280941221,-0.334184299566924,0.115086677339963,-2.90376181927428,0.00368708540159201,0.0384075241520029
"FBgn0030482",4225.62582120885,0.249252914660484,0.0858518796904498,2.90329012665998,0.00369264377054213,0.0384173426277777
"FBgn0023091",10.9708380629313,-1.85893152216596,0.641650664879382,-2.89710838609574,0.0037661961457154,0.0391116279819356
"FBgn0033857",17.539854952334,-1.62478808342037,0.56087255775537,-2.89689352947276,0.00376877635966747,0.0391116279819356
"FBgn0000064",7917.16080656924,-0.299544253664887,0.103456682451911,-2.89535916449015,0.0037872493068151,0.039233460592501
"FBgn0000578",5449.57609365189,0.325669186707763,0.112488392551342,2.89513592755023,0.00378994380828677,0.039233460592501
"FBgn0020416",8716.26302867249,0.350707270880442,0.121190613302114,2.89384846998151,0.00380551762811326,0.0393457431289276
"FBgn0034898",6.68199108402622,2.60086130304759,0.89991871836277,2.89010690629856,0.00385110835637513,0.0397677107321467
"FBgn0014029",3417.16253717822,-0.486654215351149,0.168679175123763,-2.88508771159262,0.00391304624109372,0.0403572290763606
"FBgn0030612",394.10139487703,0.50250687703928,0.174460619232405,2.88034560034362,0.00397239466496226,0.0409186148471298
"FBgn0020249",994.727257498188,-0.390319290047217,0.13557242865352,-2.87904623324812,0.00398879853769282,0.0410367988000214
"FBgn0035154",100.776421932447,-0.550382168146912,0.191319786886814,-2.87676553012534,0.00401774008411828,0.0412835194075512
"FBgn0040070",3674.19302082365,-0.311272018315009,0.108297524940241,-2.87423021428024,0.00405013625034681,0.0415650850944963
"FBgn0012034",1778.22046378716,0.348373782243974,0.121252488531568,2.87312686496554,0.00406430870836747,0.0416591642607666
"FBgn0034408",189.806666899489,-0.567295940238285,0.197539132758292,-2.87181548444087,0.00408121185065988,0.0417809670763127
"FBgn0031752",1174.77679329238,0.292099634922625,0.101728956776532,2.87135191570165,0.00408720230295521,0.0417908903777595
"FBgn0086708",242.039360528535,0.529878945866939,0.184613890067296,2.87020085906746,0.00410211131888302,0.0418918681068262
"FBgn0041191",765.434893203495,0.421624088087754,0.147015310066006,2.86789238412281,0.00413216058933777,0.0421470252267871
"FBgn0025739",507.962997044633,-0.394310006970611,0.13767974979004,-2.86396516242896,0.0041837402242818,0.0426208933741707
"FBgn0032422",42.5684500592081,-0.958010651530754,0.335471049055554,-2.85571781597198,0.00429396581680045,0.0436903147838999
"FBgn0034142",793.235107372977,-0.297105430169487,0.104069001408135,-2.85488883480591,0.0043051895183066,0.0437510285236457
"FBgn0003862",3788.10138088641,0.462442994134722,0.162093106086366,2.8529467125414,0.00433158843686723,0.0439656226342024
"FBgn0261285",431.577424515281,0.434456587867298,0.152329606395567,2.85208238994007,0.0043433841399222,0.0440316518837667
"FBgn0261053",95.9390795311141,-0.590451867989083,0.207237290834392,-2.84915840007254,0.00438350503301139,0.0443843216420362
"FBgn0011305",640.011436138857,-0.356498095535116,0.125322243629128,-2.84465139796026,0.00444600514821999,0.0449624554661422
"FBgn0051555",8.99325071166908,-1.81044213866077,0.636860100196663,-2.84276270110454,0.00447243560959097,0.0451748562847399
"FBgn0050046",1082.26230785247,0.306599714756394,0.107971564710672,2.83963389414593,0.0045165336213414,0.0455649810065752
"FBgn0029975",2729.78468356417,-0.359090677700777,0.126496466700562,-2.83874077329609,0.00452919350751875,0.0456373820376253
"FBgn0025682",8867.48153180525,0.33041474701237,0.116425300934736,2.83799779222893,0.00453974966439392,0.0456884358606416
"FBgn0038143",28.3324546672938,-0.958304483621735,0.338112103873346,-2.83428032490877,0.00459290232760177,0.0461675435659777
"FBgn0032810",73.7694409448016,-0.817995783061925,0.288797508505022,-2.83241980616914,0.00461971525090621,0.046381049497337
"FBgn0053460",1836.8837365775,0.416740755352381,0.147178776513113,2.83152751521379,0.00463262475427431,0.046454621481717
"FBgn0027865",407.372555044915,-0.632993354634502,0.223757667787098,-2.82892363374464,0.00467048420774344,0.0467779062106482
"FBgn0037554",677.939698236031,-0.311516530457061,0.11037250536301,-2.82241061243014,0.00476641071778944,0.0476812937550018
"FBgn0028331",4474.75762608213,0.363038285530326,0.128718901806952,2.82039607574339,0.00479644068905486,0.0478776461417804
"FBgn0041605",40.2580187757387,-1.00858665388452,0.357613970671465,-2.8203222933119,0.00479754378015678,0.0478776461417804
"FBgn0028490",8218.91417149565,0.405807681250601,0.144008634382461,2.81793993110751,0.00483328511914464,0.0481765653253184
"FBgn0030839",159.510711295447,0.555033023661274,0.197002412170599,2.81739201843189,0.00484153916828363,0.0482011130354362
"FBgn0053346",12.2703607708024,-1.6967105163498,0.602494311768184,-2.81614362693374,0.00486039325730089,0.0483310072646539
"FBgn0003884",40700.6595992459,-0.516014713773916,0.183468688326688,-2.81254920651687,0.004915050270412,0.0488161854422901
"FBgn0031049",461.361904390034,-0.692745423492013,0.246360060228707,-2.81192260973189,0.00492463505216411,0.0488530840752824
"FBgn0250732",1140.69103457153,0.287867424952826,0.10241975234468,2.81066316177028,0.00494395144368608,0.0489863188878563
"FBgn0020887",1091.72933126918,0.312887786684489,0.11137417162403,2.80933884510239,0.00496433662467313,0.04912981418211
"FBgn0039808",38.2627790246649,0.969364424492008,0.345422159644549,2.80631800081823,0.00501112115847616,0.0495339209049846
"FBgn0000524",891.434538067256,-0.331268356436575,0.118103848839445,-2.80489043915,0.00503336855189416,0.0496948119305043
"FBgn0260632",1986.07614041721,0.311712106413305,0.111218049501742,2.80271150060425,0.00506749774759631,0.0499724925986304
"FBgn0004456",3738.82125701321,0.325145468886225,0.116027278099628,2.80231919779275,0.00507366464938125,0.0499740957121896
